--SE INSERTAN 2 TEST
INSERT INTO "TEST" (ID_TEST, NOMBRE_TEST, DESCRIPCION_TEST, PROGRAMA, UNIDAD, AUTOR, FECHA_CREACION)
VALUES ('0', 'TEST 1', 'DESCRIPCION 1', 'PROGRAMA 1', 'I Y II', 'PAOLO', TO_DATE('2020-03-16 18:00:00', 'YYYY-MM-DD HH24:MI:SS'));

INSERT INTO "TEST" (ID_TEST, NOMBRE_TEST, DESCRIPCION_TEST, PROGRAMA, UNIDAD, AUTOR, FECHA_CREACION)
VALUES ('1', 'TEST 2', 'DESCRIPCION 2', 'PROGRAMA 2', 'III Y IV', 'PAOLO', TO_DATE('2020-04-16 18:00:00', 'YYYY-MM-DD HH24:MI:SS'));

--10 PREGUNTAS TEST 0
INSERT INTO "PREG" (ID_PREG, ENUNCIADO, PUNTAJE_TOTAL, TEST_ID_TEST) VALUES ('0', 'PREGUNTA 0.1', '10', '0');
INSERT INTO "PREG" (ID_PREG, ENUNCIADO, PUNTAJE_TOTAL, TEST_ID_TEST) VALUES ('1', 'PREGUNTA 0.2', '10', '0');
INSERT INTO "PREG" (ID_PREG, ENUNCIADO, PUNTAJE_TOTAL, TEST_ID_TEST) VALUES ('2', 'PREGUNTA 0.3', '10', '0');
INSERT INTO "PREG" (ID_PREG, ENUNCIADO, PUNTAJE_TOTAL, TEST_ID_TEST) VALUES ('3', 'PREGUNTA 0.4', '10', '0');
INSERT INTO "PREG" (ID_PREG, ENUNCIADO, PUNTAJE_TOTAL, TEST_ID_TEST) VALUES ('4', 'PREGUNTA 0.5', '10', '0');
INSERT INTO "PREG" (ID_PREG, ENUNCIADO, PUNTAJE_TOTAL, TEST_ID_TEST) VALUES ('5', 'PREGUNTA 0.6', '10', '0');
INSERT INTO "PREG" (ID_PREG, ENUNCIADO, PUNTAJE_TOTAL, TEST_ID_TEST) VALUES ('6', 'PREGUNTA 0.7', '10', '0');
INSERT INTO "PREG" (ID_PREG, ENUNCIADO, PUNTAJE_TOTAL, TEST_ID_TEST) VALUES ('7', 'PREGUNTA 0.8', '10', '0');
INSERT INTO "PREG" (ID_PREG, ENUNCIADO, PUNTAJE_TOTAL, TEST_ID_TEST) VALUES ('8', 'PREGUNTA 0.9', '10', '0');
INSERT INTO "PREG" (ID_PREG, ENUNCIADO, PUNTAJE_TOTAL, TEST_ID_TEST) VALUES ('9', 'PREGUNTA 0.10', '10', '0');

--10 PREGUNTAS TEST 1
INSERT INTO "PREG" (ID_PREG, ENUNCIADO, PUNTAJE_TOTAL, TEST_ID_TEST) VALUES ('10', 'PREGUNTA 1.1', '10', '1');
INSERT INTO "PREG" (ID_PREG, ENUNCIADO, PUNTAJE_TOTAL, TEST_ID_TEST) VALUES ('11', 'PREGUNTA 1.2', '10', '1');
INSERT INTO "PREG" (ID_PREG, ENUNCIADO, PUNTAJE_TOTAL, TEST_ID_TEST) VALUES ('12', 'PREGUNTA 1.3', '10', '1');
INSERT INTO "PREG" (ID_PREG, ENUNCIADO, PUNTAJE_TOTAL, TEST_ID_TEST) VALUES ('13', 'PREGUNTA 1.4', '10', '1');
INSERT INTO "PREG" (ID_PREG, ENUNCIADO, PUNTAJE_TOTAL, TEST_ID_TEST) VALUES ('14', 'PREGUNTA 1.5', '10', '1');
INSERT INTO "PREG" (ID_PREG, ENUNCIADO, PUNTAJE_TOTAL, TEST_ID_TEST) VALUES ('15', 'PREGUNTA 1.6', '10', '1');
INSERT INTO "PREG" (ID_PREG, ENUNCIADO, PUNTAJE_TOTAL, TEST_ID_TEST) VALUES ('16', 'PREGUNTA 1.7', '10', '1');
INSERT INTO "PREG" (ID_PREG, ENUNCIADO, PUNTAJE_TOTAL, TEST_ID_TEST) VALUES ('17', 'PREGUNTA 1.8', '10', '1');
INSERT INTO "PREG" (ID_PREG, ENUNCIADO, PUNTAJE_TOTAL, TEST_ID_TEST) VALUES ('18', 'PREGUNTA 1.9', '10', '1');
INSERT INTO "PREG" (ID_PREG, ENUNCIADO, PUNTAJE_TOTAL, TEST_ID_TEST) VALUES ('19', 'PREGUNTA 1.10', '10', '1');

--INSERTA 2 CURSOS
INSERT INTO "CURSO" (ID_CURSO, DESCRIPCION_CURSO) VALUES ('0', 'CURSO 1');
INSERT INTO "CURSO" (ID_CURSO, DESCRIPCION_CURSO) VALUES ('1', 'CURSO 2');

--INSERTA 10 ESTUDIANTES POR CURSO
--ESTUDIANTE DE "PRUEBA", PARA CREAR ALTERNATIVAS DEL TEST
INSERT INTO "ESTUDIANTE" (ID_ESTUDIANTE, NOMBRE_ESTUDIANTE, CURSO_ID_CURSO) VALUES ('0', 'ESTUDIANTE_TEST', '0');
--ESTUDIANTES CURSO 1 (ID_CURSO 0)
INSERT INTO "ESTUDIANTE" (ID_ESTUDIANTE, NOMBRE_ESTUDIANTE, CURSO_ID_CURSO) VALUES ('1', 'NOMBRE1', '0');
INSERT INTO "ESTUDIANTE" (ID_ESTUDIANTE, NOMBRE_ESTUDIANTE, CURSO_ID_CURSO) VALUES ('2', 'NOMBRE2', '0');
INSERT INTO "ESTUDIANTE" (ID_ESTUDIANTE, NOMBRE_ESTUDIANTE, CURSO_ID_CURSO) VALUES ('3', 'NOMBRE3', '0');
INSERT INTO "ESTUDIANTE" (ID_ESTUDIANTE, NOMBRE_ESTUDIANTE, CURSO_ID_CURSO) VALUES ('4', 'NOMBRE4', '0');
INSERT INTO "ESTUDIANTE" (ID_ESTUDIANTE, NOMBRE_ESTUDIANTE, CURSO_ID_CURSO) VALUES ('5', 'NOMBRE5', '0');
INSERT INTO "ESTUDIANTE" (ID_ESTUDIANTE, NOMBRE_ESTUDIANTE, CURSO_ID_CURSO) VALUES ('6', 'NOMBRE6', '0');
INSERT INTO "ESTUDIANTE" (ID_ESTUDIANTE, NOMBRE_ESTUDIANTE, CURSO_ID_CURSO) VALUES ('7', 'NOMBRE7', '0');
INSERT INTO "ESTUDIANTE" (ID_ESTUDIANTE, NOMBRE_ESTUDIANTE, CURSO_ID_CURSO) VALUES ('8', 'NOMBRE8', '0');
INSERT INTO "ESTUDIANTE" (ID_ESTUDIANTE, NOMBRE_ESTUDIANTE, CURSO_ID_CURSO) VALUES ('9', 'NOMBRE9', '0');
INSERT INTO "ESTUDIANTE" (ID_ESTUDIANTE, NOMBRE_ESTUDIANTE, CURSO_ID_CURSO) VALUES ('10', 'NOMBRE10', '0');
--ESTUDIANTES CURSO 2
INSERT INTO "ESTUDIANTE" (ID_ESTUDIANTE, NOMBRE_ESTUDIANTE, CURSO_ID_CURSO) VALUES ('11', 'NOMBRE11', '1');
INSERT INTO "ESTUDIANTE" (ID_ESTUDIANTE, NOMBRE_ESTUDIANTE, CURSO_ID_CURSO) VALUES ('12', 'NOMBRE12', '1');
INSERT INTO "ESTUDIANTE" (ID_ESTUDIANTE, NOMBRE_ESTUDIANTE, CURSO_ID_CURSO) VALUES ('13', 'NOMBRE13', '1');
INSERT INTO "ESTUDIANTE" (ID_ESTUDIANTE, NOMBRE_ESTUDIANTE, CURSO_ID_CURSO) VALUES ('14', 'NOMBRE14', '1');
INSERT INTO "ESTUDIANTE" (ID_ESTUDIANTE, NOMBRE_ESTUDIANTE, CURSO_ID_CURSO) VALUES ('15', 'NOMBRE15', '1');
INSERT INTO "ESTUDIANTE" (ID_ESTUDIANTE, NOMBRE_ESTUDIANTE, CURSO_ID_CURSO) VALUES ('16', 'NOMBRE16', '1');
INSERT INTO "ESTUDIANTE" (ID_ESTUDIANTE, NOMBRE_ESTUDIANTE, CURSO_ID_CURSO) VALUES ('17', 'NOMBRE17', '1');
INSERT INTO "ESTUDIANTE" (ID_ESTUDIANTE, NOMBRE_ESTUDIANTE, CURSO_ID_CURSO) VALUES ('18', 'NOMBRE18', '1');
INSERT INTO "ESTUDIANTE" (ID_ESTUDIANTE, NOMBRE_ESTUDIANTE, CURSO_ID_CURSO) VALUES ('19', 'NOMBRE19', '1');
INSERT INTO "ESTUDIANTE" (ID_ESTUDIANTE, NOMBRE_ESTUDIANTE, CURSO_ID_CURSO) VALUES ('20', 'NOMBRE20', '1');

--ALTERNATIVAS TEST 0 PREG 0.1
INSERT INTO "ALT" (ID_ALT, DESCRIPCION_ALTERNATIVA, CORRECTO_O_INCORRECTO, PONDERACION_ALTERNATIVA, PREG_ID_PREG, ESTUDIANTE_ID_ESTUDIANTE) VALUES ('0', 'ALTERNATIVA 1 PREG 0.1', 'T', '1', '0', '0');
INSERT INTO "ALT" (ID_ALT, DESCRIPCION_ALTERNATIVA, CORRECTO_O_INCORRECTO, PONDERACION_ALTERNATIVA, PREG_ID_PREG, ESTUDIANTE_ID_ESTUDIANTE) VALUES ('1', 'ALTERNATIVA 2 PREG 0.1', 'F', '0', '0', '0');
INSERT INTO "ALT" (ID_ALT, DESCRIPCION_ALTERNATIVA, CORRECTO_O_INCORRECTO, PONDERACION_ALTERNATIVA, PREG_ID_PREG, ESTUDIANTE_ID_ESTUDIANTE) VALUES ('2', 'ALTERNATIVA 3 PREG 0.1', 'F', '0', '0', '0');
INSERT INTO "ALT" (ID_ALT, DESCRIPCION_ALTERNATIVA, CORRECTO_O_INCORRECTO, PONDERACION_ALTERNATIVA, PREG_ID_PREG, ESTUDIANTE_ID_ESTUDIANTE) VALUES ('3', 'ALTERNATIVA 4 PREG 0.1', 'F', '0', '0', '0');
--ALTERNATIVAS TEST 0 PREG 0.2
INSERT INTO "ALT" (ID_ALT, DESCRIPCION_ALTERNATIVA, CORRECTO_O_INCORRECTO, PONDERACION_ALTERNATIVA, PREG_ID_PREG, ESTUDIANTE_ID_ESTUDIANTE) VALUES ('4', 'ALTERNATIVA 1 PREG 0.2', 'T', '0,5', '1', '0');
INSERT INTO "ALT" (ID_ALT, DESCRIPCION_ALTERNATIVA, CORRECTO_O_INCORRECTO, PONDERACION_ALTERNATIVA, PREG_ID_PREG, ESTUDIANTE_ID_ESTUDIANTE) VALUES ('5', 'ALTERNATIVA 2 PREG 0.2', 'F', '0', '1', '0');
INSERT INTO "ALT" (ID_ALT, DESCRIPCION_ALTERNATIVA, CORRECTO_O_INCORRECTO, PONDERACION_ALTERNATIVA, PREG_ID_PREG, ESTUDIANTE_ID_ESTUDIANTE) VALUES ('6', 'ALTERNATIVA 3 PREG 0.2', 'T', '0,5', '1', '0');
INSERT INTO "ALT" (ID_ALT, DESCRIPCION_ALTERNATIVA, CORRECTO_O_INCORRECTO, PONDERACION_ALTERNATIVA, PREG_ID_PREG, ESTUDIANTE_ID_ESTUDIANTE) VALUES ('7', 'ALTERNATIVA 4 PREG 0.2', 'F', '0', '1', '0');
--ALTERNATIVAS TEST 0 PREG 0.3
INSERT INTO "ALT" (ID_ALT, DESCRIPCION_ALTERNATIVA, CORRECTO_O_INCORRECTO, PONDERACION_ALTERNATIVA, PREG_ID_PREG, ESTUDIANTE_ID_ESTUDIANTE) VALUES ('8', 'ALTERNATIVA 1 PREG 0.3', 'F', '0', '2', '0');
INSERT INTO "ALT" (ID_ALT, DESCRIPCION_ALTERNATIVA, CORRECTO_O_INCORRECTO, PONDERACION_ALTERNATIVA, PREG_ID_PREG, ESTUDIANTE_ID_ESTUDIANTE) VALUES ('9', 'ALTERNATIVA 2 PREG 0.3', 'F', '0', '2', '0');
INSERT INTO "ALT" (ID_ALT, DESCRIPCION_ALTERNATIVA, CORRECTO_O_INCORRECTO, PONDERACION_ALTERNATIVA, PREG_ID_PREG, ESTUDIANTE_ID_ESTUDIANTE) VALUES ('10', 'ALTERNATIVA 3 PREG 0.3', 'T', '1', '2', '0');
INSERT INTO "ALT" (ID_ALT, DESCRIPCION_ALTERNATIVA, CORRECTO_O_INCORRECTO, PONDERACION_ALTERNATIVA, PREG_ID_PREG, ESTUDIANTE_ID_ESTUDIANTE) VALUES ('11', 'ALTERNATIVA 4 PREG 0.3', 'F', '0', '2', '0');
--ALTERNATIVAS TEST 0 PREG 0.4
INSERT INTO "ALT" (ID_ALT, DESCRIPCION_ALTERNATIVA, CORRECTO_O_INCORRECTO, PONDERACION_ALTERNATIVA, PREG_ID_PREG, ESTUDIANTE_ID_ESTUDIANTE) VALUES ('12', 'ALTERNATIVA 1 PREG 0.4', 'T', '0,7', '3', '0');
INSERT INTO "ALT" (ID_ALT, DESCRIPCION_ALTERNATIVA, CORRECTO_O_INCORRECTO, PONDERACION_ALTERNATIVA, PREG_ID_PREG, ESTUDIANTE_ID_ESTUDIANTE) VALUES ('13', 'ALTERNATIVA 2 PREG 0.4', 'T', '0,3', '3', '0');
INSERT INTO "ALT" (ID_ALT, DESCRIPCION_ALTERNATIVA, CORRECTO_O_INCORRECTO, PONDERACION_ALTERNATIVA, PREG_ID_PREG, ESTUDIANTE_ID_ESTUDIANTE) VALUES ('14', 'ALTERNATIVA 3 PREG 0.4', 'F', '0', '3', '0');
INSERT INTO "ALT" (ID_ALT, DESCRIPCION_ALTERNATIVA, CORRECTO_O_INCORRECTO, PONDERACION_ALTERNATIVA, PREG_ID_PREG, ESTUDIANTE_ID_ESTUDIANTE) VALUES ('15', 'ALTERNATIVA 4 PREG 0.4', 'F', '0', '3', '0');
--ALTERNATIVAS TEST 0 PREG 0.5
INSERT INTO "ALT" (ID_ALT, DESCRIPCION_ALTERNATIVA, CORRECTO_O_INCORRECTO, PONDERACION_ALTERNATIVA, PREG_ID_PREG, ESTUDIANTE_ID_ESTUDIANTE) VALUES ('16', 'ALTERNATIVA 1 PREG 0.5', 'T', '1', '4', '0');
INSERT INTO "ALT" (ID_ALT, DESCRIPCION_ALTERNATIVA, CORRECTO_O_INCORRECTO, PONDERACION_ALTERNATIVA, PREG_ID_PREG, ESTUDIANTE_ID_ESTUDIANTE) VALUES ('17', 'ALTERNATIVA 2 PREG 0.5', 'F', '0', '4', '0');
INSERT INTO "ALT" (ID_ALT, DESCRIPCION_ALTERNATIVA, CORRECTO_O_INCORRECTO, PONDERACION_ALTERNATIVA, PREG_ID_PREG, ESTUDIANTE_ID_ESTUDIANTE) VALUES ('18', 'ALTERNATIVA 3 PREG 0.5', 'F', '0', '4', '0');
INSERT INTO "ALT" (ID_ALT, DESCRIPCION_ALTERNATIVA, CORRECTO_O_INCORRECTO, PONDERACION_ALTERNATIVA, PREG_ID_PREG, ESTUDIANTE_ID_ESTUDIANTE) VALUES ('19', 'ALTERNATIVA 4 PREG 0.5', 'F', '0', '4', '0');
--ALTERNATIVAS TEST 0 PREG 0.6
INSERT INTO "ALT" (ID_ALT, DESCRIPCION_ALTERNATIVA, CORRECTO_O_INCORRECTO, PONDERACION_ALTERNATIVA, PREG_ID_PREG, ESTUDIANTE_ID_ESTUDIANTE) VALUES ('20', 'ALTERNATIVA 1 PREG 0.6', 'T', '1', '5', '0');
INSERT INTO "ALT" (ID_ALT, DESCRIPCION_ALTERNATIVA, CORRECTO_O_INCORRECTO, PONDERACION_ALTERNATIVA, PREG_ID_PREG, ESTUDIANTE_ID_ESTUDIANTE) VALUES ('21', 'ALTERNATIVA 2 PREG 0.6', 'F', '0', '5', '0');
INSERT INTO "ALT" (ID_ALT, DESCRIPCION_ALTERNATIVA, CORRECTO_O_INCORRECTO, PONDERACION_ALTERNATIVA, PREG_ID_PREG, ESTUDIANTE_ID_ESTUDIANTE) VALUES ('22', 'ALTERNATIVA 3 PREG 0.6', 'F', '0', '5', '0');
INSERT INTO "ALT" (ID_ALT, DESCRIPCION_ALTERNATIVA, CORRECTO_O_INCORRECTO, PONDERACION_ALTERNATIVA, PREG_ID_PREG, ESTUDIANTE_ID_ESTUDIANTE) VALUES ('23', 'ALTERNATIVA 4 PREG 0.6', 'F', '0', '5', '0');
--ALTERNATIVAS TEST 0 PREG 0.7
INSERT INTO "ALT" (ID_ALT, DESCRIPCION_ALTERNATIVA, CORRECTO_O_INCORRECTO, PONDERACION_ALTERNATIVA, PREG_ID_PREG, ESTUDIANTE_ID_ESTUDIANTE) VALUES ('24', 'ALTERNATIVA 1 PREG 0.7', 'T', '1', '6', '0');
INSERT INTO "ALT" (ID_ALT, DESCRIPCION_ALTERNATIVA, CORRECTO_O_INCORRECTO, PONDERACION_ALTERNATIVA, PREG_ID_PREG, ESTUDIANTE_ID_ESTUDIANTE) VALUES ('25', 'ALTERNATIVA 2 PREG 0.7', 'F', '0', '6', '0');
INSERT INTO "ALT" (ID_ALT, DESCRIPCION_ALTERNATIVA, CORRECTO_O_INCORRECTO, PONDERACION_ALTERNATIVA, PREG_ID_PREG, ESTUDIANTE_ID_ESTUDIANTE) VALUES ('26', 'ALTERNATIVA 3 PREG 0.7', 'F', '0', '6', '0');
INSERT INTO "ALT" (ID_ALT, DESCRIPCION_ALTERNATIVA, CORRECTO_O_INCORRECTO, PONDERACION_ALTERNATIVA, PREG_ID_PREG, ESTUDIANTE_ID_ESTUDIANTE) VALUES ('27', 'ALTERNATIVA 4 PREG 0.7', 'F', '0', '6', '0');
--ALTERNATIVAS TEST 0 PREG 0.8
INSERT INTO "ALT" (ID_ALT, DESCRIPCION_ALTERNATIVA, CORRECTO_O_INCORRECTO, PONDERACION_ALTERNATIVA, PREG_ID_PREG, ESTUDIANTE_ID_ESTUDIANTE) VALUES ('28', 'ALTERNATIVA 1 PREG 0.8', 'F', '0', '7', '0');
INSERT INTO "ALT" (ID_ALT, DESCRIPCION_ALTERNATIVA, CORRECTO_O_INCORRECTO, PONDERACION_ALTERNATIVA, PREG_ID_PREG, ESTUDIANTE_ID_ESTUDIANTE) VALUES ('29', 'ALTERNATIVA 2 PREG 0.8', 'F', '0', '7', '0');
INSERT INTO "ALT" (ID_ALT, DESCRIPCION_ALTERNATIVA, CORRECTO_O_INCORRECTO, PONDERACION_ALTERNATIVA, PREG_ID_PREG, ESTUDIANTE_ID_ESTUDIANTE) VALUES ('30', 'ALTERNATIVA 3 PREG 0.8', 'T', '1', '7', '0');
INSERT INTO "ALT" (ID_ALT, DESCRIPCION_ALTERNATIVA, CORRECTO_O_INCORRECTO, PONDERACION_ALTERNATIVA, PREG_ID_PREG, ESTUDIANTE_ID_ESTUDIANTE) VALUES ('31', 'ALTERNATIVA 4 PREG 0.8', 'F', '0', '7', '0');
--ALTERNATIVAS TEST 0 PREG 0.9
INSERT INTO "ALT" (ID_ALT, DESCRIPCION_ALTERNATIVA, CORRECTO_O_INCORRECTO, PONDERACION_ALTERNATIVA, PREG_ID_PREG, ESTUDIANTE_ID_ESTUDIANTE) VALUES ('32', 'ALTERNATIVA 1 PREG 0.9', 'F', '0', '8', '0');
INSERT INTO "ALT" (ID_ALT, DESCRIPCION_ALTERNATIVA, CORRECTO_O_INCORRECTO, PONDERACION_ALTERNATIVA, PREG_ID_PREG, ESTUDIANTE_ID_ESTUDIANTE) VALUES ('33', 'ALTERNATIVA 2 PREG 0.9', 'F', '0', '8', '0');
INSERT INTO "ALT" (ID_ALT, DESCRIPCION_ALTERNATIVA, CORRECTO_O_INCORRECTO, PONDERACION_ALTERNATIVA, PREG_ID_PREG, ESTUDIANTE_ID_ESTUDIANTE) VALUES ('34', 'ALTERNATIVA 3 PREG 0.9', 'F', '0', '8', '0');
INSERT INTO "ALT" (ID_ALT, DESCRIPCION_ALTERNATIVA, CORRECTO_O_INCORRECTO, PONDERACION_ALTERNATIVA, PREG_ID_PREG, ESTUDIANTE_ID_ESTUDIANTE) VALUES ('35', 'ALTERNATIVA 4 PREG 0.9', 'T', '1', '8', '0');
--ALTERNATIVAS TEST 0 PREG 0.10
INSERT INTO "ALT" (ID_ALT, DESCRIPCION_ALTERNATIVA, CORRECTO_O_INCORRECTO, PONDERACION_ALTERNATIVA, PREG_ID_PREG, ESTUDIANTE_ID_ESTUDIANTE) VALUES ('36', 'ALTERNATIVA 1 PREG 0.10', 'F', '0', '9', '0');
INSERT INTO "ALT" (ID_ALT, DESCRIPCION_ALTERNATIVA, CORRECTO_O_INCORRECTO, PONDERACION_ALTERNATIVA, PREG_ID_PREG, ESTUDIANTE_ID_ESTUDIANTE) VALUES ('37', 'ALTERNATIVA 2 PREG 0.10', 'F', '0', '9', '0');
INSERT INTO "ALT" (ID_ALT, DESCRIPCION_ALTERNATIVA, CORRECTO_O_INCORRECTO, PONDERACION_ALTERNATIVA, PREG_ID_PREG, ESTUDIANTE_ID_ESTUDIANTE) VALUES ('38', 'ALTERNATIVA 3 PREG 0.10', 'T', '1', '9', '0');
INSERT INTO "ALT" (ID_ALT, DESCRIPCION_ALTERNATIVA, CORRECTO_O_INCORRECTO, PONDERACION_ALTERNATIVA, PREG_ID_PREG, ESTUDIANTE_ID_ESTUDIANTE) VALUES ('39', 'ALTERNATIVA 4 PREG 0.10', 'F', '0', '9', '0');

--ALTERNATIVAS TEST 1 PREG 1.1
INSERT INTO "ALT" (ID_ALT, DESCRIPCION_ALTERNATIVA, CORRECTO_O_INCORRECTO, PONDERACION_ALTERNATIVA, PREG_ID_PREG, ESTUDIANTE_ID_ESTUDIANTE) VALUES ('40', 'ALTERNATIVA 1 PREG 1.1', 'F', '0', '10', '0');
INSERT INTO "ALT" (ID_ALT, DESCRIPCION_ALTERNATIVA, CORRECTO_O_INCORRECTO, PONDERACION_ALTERNATIVA, PREG_ID_PREG, ESTUDIANTE_ID_ESTUDIANTE) VALUES ('41', 'ALTERNATIVA 2 PREG 1.1', 'F', '0', '10', '0');
INSERT INTO "ALT" (ID_ALT, DESCRIPCION_ALTERNATIVA, CORRECTO_O_INCORRECTO, PONDERACION_ALTERNATIVA, PREG_ID_PREG, ESTUDIANTE_ID_ESTUDIANTE) VALUES ('42', 'ALTERNATIVA 3 PREG 1.1', 'T', '1', '10', '0');
INSERT INTO "ALT" (ID_ALT, DESCRIPCION_ALTERNATIVA, CORRECTO_O_INCORRECTO, PONDERACION_ALTERNATIVA, PREG_ID_PREG, ESTUDIANTE_ID_ESTUDIANTE) VALUES ('43', 'ALTERNATIVA 4 PREG 1.1', 'F', '0', '10', '0');
--ALTERNATIVAS TEST 1 PREG 1.2
INSERT INTO "ALT" (ID_ALT, DESCRIPCION_ALTERNATIVA, CORRECTO_O_INCORRECTO, PONDERACION_ALTERNATIVA, PREG_ID_PREG, ESTUDIANTE_ID_ESTUDIANTE) VALUES ('44', 'ALTERNATIVA 1 PREG 1.2', 'F', '0', '11', '0');
INSERT INTO "ALT" (ID_ALT, DESCRIPCION_ALTERNATIVA, CORRECTO_O_INCORRECTO, PONDERACION_ALTERNATIVA, PREG_ID_PREG, ESTUDIANTE_ID_ESTUDIANTE) VALUES ('45', 'ALTERNATIVA 2 PREG 1.2', 'T', '0,5', '11', '0');
INSERT INTO "ALT" (ID_ALT, DESCRIPCION_ALTERNATIVA, CORRECTO_O_INCORRECTO, PONDERACION_ALTERNATIVA, PREG_ID_PREG, ESTUDIANTE_ID_ESTUDIANTE) VALUES ('46', 'ALTERNATIVA 3 PREG 1.2', 'T', '0,5', '11', '0');
INSERT INTO "ALT" (ID_ALT, DESCRIPCION_ALTERNATIVA, CORRECTO_O_INCORRECTO, PONDERACION_ALTERNATIVA, PREG_ID_PREG, ESTUDIANTE_ID_ESTUDIANTE) VALUES ('47', 'ALTERNATIVA 4 PREG 1.2', 'F', '0', '11', '0');
--ALTERNATIVAS TEST 1 PREG 1.3
INSERT INTO "ALT" (ID_ALT, DESCRIPCION_ALTERNATIVA, CORRECTO_O_INCORRECTO, PONDERACION_ALTERNATIVA, PREG_ID_PREG, ESTUDIANTE_ID_ESTUDIANTE) VALUES ('48', 'ALTERNATIVA 1 PREG 1.3', 'T', '1', '12', '0');
INSERT INTO "ALT" (ID_ALT, DESCRIPCION_ALTERNATIVA, CORRECTO_O_INCORRECTO, PONDERACION_ALTERNATIVA, PREG_ID_PREG, ESTUDIANTE_ID_ESTUDIANTE) VALUES ('49', 'ALTERNATIVA 2 PREG 1.3', 'F', '0', '12', '0');
INSERT INTO "ALT" (ID_ALT, DESCRIPCION_ALTERNATIVA, CORRECTO_O_INCORRECTO, PONDERACION_ALTERNATIVA, PREG_ID_PREG, ESTUDIANTE_ID_ESTUDIANTE) VALUES ('50', 'ALTERNATIVA 3 PREG 1.3', 'F', '0', '12', '0');
INSERT INTO "ALT" (ID_ALT, DESCRIPCION_ALTERNATIVA, CORRECTO_O_INCORRECTO, PONDERACION_ALTERNATIVA, PREG_ID_PREG, ESTUDIANTE_ID_ESTUDIANTE) VALUES ('51', 'ALTERNATIVA 4 PREG 1.3', 'F', '0', '12', '0');
--ALTERNATIVAS TEST 1 PREG 1.4
INSERT INTO "ALT" (ID_ALT, DESCRIPCION_ALTERNATIVA, CORRECTO_O_INCORRECTO, PONDERACION_ALTERNATIVA, PREG_ID_PREG, ESTUDIANTE_ID_ESTUDIANTE) VALUES ('52', 'ALTERNATIVA 1 PREG 1.4', 'F', '0', '13', '0');
INSERT INTO "ALT" (ID_ALT, DESCRIPCION_ALTERNATIVA, CORRECTO_O_INCORRECTO, PONDERACION_ALTERNATIVA, PREG_ID_PREG, ESTUDIANTE_ID_ESTUDIANTE) VALUES ('53', 'ALTERNATIVA 2 PREG 1.4', 'T', '0,3', '13', '0');
INSERT INTO "ALT" (ID_ALT, DESCRIPCION_ALTERNATIVA, CORRECTO_O_INCORRECTO, PONDERACION_ALTERNATIVA, PREG_ID_PREG, ESTUDIANTE_ID_ESTUDIANTE) VALUES ('54', 'ALTERNATIVA 3 PREG 1.4', 'T', '0,7', '13', '0');
INSERT INTO "ALT" (ID_ALT, DESCRIPCION_ALTERNATIVA, CORRECTO_O_INCORRECTO, PONDERACION_ALTERNATIVA, PREG_ID_PREG, ESTUDIANTE_ID_ESTUDIANTE) VALUES ('55', 'ALTERNATIVA 4 PREG 1.4', 'F', '0', '13', '0');
--ALTERNATIVAS TEST 1 PREG 1.5
INSERT INTO "ALT" (ID_ALT, DESCRIPCION_ALTERNATIVA, CORRECTO_O_INCORRECTO, PONDERACION_ALTERNATIVA, PREG_ID_PREG, ESTUDIANTE_ID_ESTUDIANTE) VALUES ('56', 'ALTERNATIVA 1 PREG 1.5', 'T', '1', '14', '0');
INSERT INTO "ALT" (ID_ALT, DESCRIPCION_ALTERNATIVA, CORRECTO_O_INCORRECTO, PONDERACION_ALTERNATIVA, PREG_ID_PREG, ESTUDIANTE_ID_ESTUDIANTE) VALUES ('57', 'ALTERNATIVA 2 PREG 1.5', 'F', '0', '14', '0');
INSERT INTO "ALT" (ID_ALT, DESCRIPCION_ALTERNATIVA, CORRECTO_O_INCORRECTO, PONDERACION_ALTERNATIVA, PREG_ID_PREG, ESTUDIANTE_ID_ESTUDIANTE) VALUES ('58', 'ALTERNATIVA 3 PREG 1.5', 'F', '0', '14', '0');
INSERT INTO "ALT" (ID_ALT, DESCRIPCION_ALTERNATIVA, CORRECTO_O_INCORRECTO, PONDERACION_ALTERNATIVA, PREG_ID_PREG, ESTUDIANTE_ID_ESTUDIANTE) VALUES ('59', 'ALTERNATIVA 4 PREG 1.5', 'F', '0', '14', '0');
--ALTERNATIVAS TEST 1 PREG 1.6
INSERT INTO "ALT" (ID_ALT, DESCRIPCION_ALTERNATIVA, CORRECTO_O_INCORRECTO, PONDERACION_ALTERNATIVA, PREG_ID_PREG, ESTUDIANTE_ID_ESTUDIANTE) VALUES ('60', 'ALTERNATIVA 1 PREG 1.6', 'F', '0', '15', '0');
INSERT INTO "ALT" (ID_ALT, DESCRIPCION_ALTERNATIVA, CORRECTO_O_INCORRECTO, PONDERACION_ALTERNATIVA, PREG_ID_PREG, ESTUDIANTE_ID_ESTUDIANTE) VALUES ('61', 'ALTERNATIVA 2 PREG 1.6', 'T', '1', '15', '0');
INSERT INTO "ALT" (ID_ALT, DESCRIPCION_ALTERNATIVA, CORRECTO_O_INCORRECTO, PONDERACION_ALTERNATIVA, PREG_ID_PREG, ESTUDIANTE_ID_ESTUDIANTE) VALUES ('62', 'ALTERNATIVA 3 PREG 1.6', 'F', '0', '15', '0');
INSERT INTO "ALT" (ID_ALT, DESCRIPCION_ALTERNATIVA, CORRECTO_O_INCORRECTO, PONDERACION_ALTERNATIVA, PREG_ID_PREG, ESTUDIANTE_ID_ESTUDIANTE) VALUES ('63', 'ALTERNATIVA 4 PREG 1.6', 'F', '0', '15', '0');
--ALTERNATIVAS TEST 1 PREG 1.7
INSERT INTO "ALT" (ID_ALT, DESCRIPCION_ALTERNATIVA, CORRECTO_O_INCORRECTO, PONDERACION_ALTERNATIVA, PREG_ID_PREG, ESTUDIANTE_ID_ESTUDIANTE) VALUES ('64', 'ALTERNATIVA 1 PREG 1.7', 'F', '0', '16', '0');
INSERT INTO "ALT" (ID_ALT, DESCRIPCION_ALTERNATIVA, CORRECTO_O_INCORRECTO, PONDERACION_ALTERNATIVA, PREG_ID_PREG, ESTUDIANTE_ID_ESTUDIANTE) VALUES ('65', 'ALTERNATIVA 2 PREG 1.7', 'F', '0', '16', '0');
INSERT INTO "ALT" (ID_ALT, DESCRIPCION_ALTERNATIVA, CORRECTO_O_INCORRECTO, PONDERACION_ALTERNATIVA, PREG_ID_PREG, ESTUDIANTE_ID_ESTUDIANTE) VALUES ('66', 'ALTERNATIVA 3 PREG 1.7', 'T', '1', '16', '0');
INSERT INTO "ALT" (ID_ALT, DESCRIPCION_ALTERNATIVA, CORRECTO_O_INCORRECTO, PONDERACION_ALTERNATIVA, PREG_ID_PREG, ESTUDIANTE_ID_ESTUDIANTE) VALUES ('67', 'ALTERNATIVA 4 PREG 1.7', 'F', '0', '16', '0');
--ALTERNATIVAS TEST 1 PREG 1.8
INSERT INTO "ALT" (ID_ALT, DESCRIPCION_ALTERNATIVA, CORRECTO_O_INCORRECTO, PONDERACION_ALTERNATIVA, PREG_ID_PREG, ESTUDIANTE_ID_ESTUDIANTE) VALUES ('68', 'ALTERNATIVA 1 PREG 1.8', 'F', '0', '17', '0');
INSERT INTO "ALT" (ID_ALT, DESCRIPCION_ALTERNATIVA, CORRECTO_O_INCORRECTO, PONDERACION_ALTERNATIVA, PREG_ID_PREG, ESTUDIANTE_ID_ESTUDIANTE) VALUES ('69', 'ALTERNATIVA 2 PREG 1.8', 'F', '0', '17', '0');
INSERT INTO "ALT" (ID_ALT, DESCRIPCION_ALTERNATIVA, CORRECTO_O_INCORRECTO, PONDERACION_ALTERNATIVA, PREG_ID_PREG, ESTUDIANTE_ID_ESTUDIANTE) VALUES ('70', 'ALTERNATIVA 3 PREG 1.8', 'T', '1', '17', '0');
INSERT INTO "ALT" (ID_ALT, DESCRIPCION_ALTERNATIVA, CORRECTO_O_INCORRECTO, PONDERACION_ALTERNATIVA, PREG_ID_PREG, ESTUDIANTE_ID_ESTUDIANTE) VALUES ('71', 'ALTERNATIVA 4 PREG 1.8', 'F', '0', '17', '0');
--ALTERNATIVAS TEST 1 PREG 1.9
INSERT INTO "ALT" (ID_ALT, DESCRIPCION_ALTERNATIVA, CORRECTO_O_INCORRECTO, PONDERACION_ALTERNATIVA, PREG_ID_PREG, ESTUDIANTE_ID_ESTUDIANTE) VALUES ('72', 'ALTERNATIVA 1 PREG 1.9', 'F', '0', '18', '0');
INSERT INTO "ALT" (ID_ALT, DESCRIPCION_ALTERNATIVA, CORRECTO_O_INCORRECTO, PONDERACION_ALTERNATIVA, PREG_ID_PREG, ESTUDIANTE_ID_ESTUDIANTE) VALUES ('73', 'ALTERNATIVA 2 PREG 1.9', 'F', '0', '18', '0');
INSERT INTO "ALT" (ID_ALT, DESCRIPCION_ALTERNATIVA, CORRECTO_O_INCORRECTO, PONDERACION_ALTERNATIVA, PREG_ID_PREG, ESTUDIANTE_ID_ESTUDIANTE) VALUES ('74', 'ALTERNATIVA 3 PREG 1.9', 'F', '0', '18', '0');
INSERT INTO "ALT" (ID_ALT, DESCRIPCION_ALTERNATIVA, CORRECTO_O_INCORRECTO, PONDERACION_ALTERNATIVA, PREG_ID_PREG, ESTUDIANTE_ID_ESTUDIANTE) VALUES ('75', 'ALTERNATIVA 4 PREG 1.9', 'T', '1', '18', '0');
--ALTERNATIVAS TEST 1 PREG 1.10
INSERT INTO "ALT" (ID_ALT, DESCRIPCION_ALTERNATIVA, CORRECTO_O_INCORRECTO, PONDERACION_ALTERNATIVA, PREG_ID_PREG, ESTUDIANTE_ID_ESTUDIANTE) VALUES ('76', 'ALTERNATIVA 1 PREG 1.10', 'F', '0', '19', '0');
INSERT INTO "ALT" (ID_ALT, DESCRIPCION_ALTERNATIVA, CORRECTO_O_INCORRECTO, PONDERACION_ALTERNATIVA, PREG_ID_PREG, ESTUDIANTE_ID_ESTUDIANTE) VALUES ('77', 'ALTERNATIVA 2 PREG 1.10', 'T', '0,5', '19', '0');
INSERT INTO "ALT" (ID_ALT, DESCRIPCION_ALTERNATIVA, CORRECTO_O_INCORRECTO, PONDERACION_ALTERNATIVA, PREG_ID_PREG, ESTUDIANTE_ID_ESTUDIANTE) VALUES ('78', 'ALTERNATIVA 3 PREG 1.10', 'T', '0,5', '19', '0');
INSERT INTO "ALT" (ID_ALT, DESCRIPCION_ALTERNATIVA, CORRECTO_O_INCORRECTO, PONDERACION_ALTERNATIVA, PREG_ID_PREG, ESTUDIANTE_ID_ESTUDIANTE) VALUES ('79', 'ALTERNATIVA 4 PREG 1.10', 'F', '0', '19', '0');

--SE INGRESAN EVALUACIONES POR CURSO
INSERT INTO "TEST_POR_CURSO" (TEST_ID_TEST, CURSO_ID_CURSO) VALUES ('0', '0');
INSERT INTO "TEST_POR_CURSO" (TEST_ID_TEST, CURSO_ID_CURSO) VALUES ('1', '1');

--SE INGRESAN RESPUESTAS ALUMNOS

--ALUMNO 1 CURSO 1 TEST 0
--RESPUESTAS TEST 0 PREG 0.1
INSERT INTO "ALT" (ID_ALT, DESCRIPCION_ALTERNATIVA, CORRECTO_O_INCORRECTO, PONDERACION_ALTERNATIVA, PREG_ID_PREG, ESTUDIANTE_ID_ESTUDIANTE) VALUES ('80', 'ALTERNATIVA 1 PREG 0.1', 'T', '1', '0', '1');
--RESPUESTAS TEST 0 PREG 0.2
INSERT INTO "ALT" (ID_ALT, DESCRIPCION_ALTERNATIVA, CORRECTO_O_INCORRECTO, PONDERACION_ALTERNATIVA, PREG_ID_PREG, ESTUDIANTE_ID_ESTUDIANTE) VALUES ('81', 'ALTERNATIVA 1 PREG 0.2', 'T', '0,5', '1', '1');
INSERT INTO "ALT" (ID_ALT, DESCRIPCION_ALTERNATIVA, CORRECTO_O_INCORRECTO, PONDERACION_ALTERNATIVA, PREG_ID_PREG, ESTUDIANTE_ID_ESTUDIANTE) VALUES ('82', 'ALTERNATIVA 4 PREG 0.2', 'F', '0', '1', '1');
--RESPUESTAS TEST 0 PREG 0.3
INSERT INTO "ALT" (ID_ALT, DESCRIPCION_ALTERNATIVA, CORRECTO_O_INCORRECTO, PONDERACION_ALTERNATIVA, PREG_ID_PREG, ESTUDIANTE_ID_ESTUDIANTE) VALUES ('83', 'ALTERNATIVA 1 PREG 0.3', 'F', '0', '2', '1');
--RESPUESTAS TEST 0 PREG 0.4
INSERT INTO "ALT" (ID_ALT, DESCRIPCION_ALTERNATIVA, CORRECTO_O_INCORRECTO, PONDERACION_ALTERNATIVA, PREG_ID_PREG, ESTUDIANTE_ID_ESTUDIANTE) VALUES ('84', 'ALTERNATIVA 1 PREG 0.4', 'T', '0,7', '3', '1');
--RESPUESTAS TEST 0 PREG 0.5
INSERT INTO "ALT" (ID_ALT, DESCRIPCION_ALTERNATIVA, CORRECTO_O_INCORRECTO, PONDERACION_ALTERNATIVA, PREG_ID_PREG, ESTUDIANTE_ID_ESTUDIANTE) VALUES ('85', 'ALTERNATIVA 1 PREG 0.5', 'T', '1', '4', '1');
--RESPUESTAS TEST 0 PREG 0.6
INSERT INTO "ALT" (ID_ALT, DESCRIPCION_ALTERNATIVA, CORRECTO_O_INCORRECTO, PONDERACION_ALTERNATIVA, PREG_ID_PREG, ESTUDIANTE_ID_ESTUDIANTE) VALUES ('86', 'ALTERNATIVA 1 PREG 0.6', 'T', '1', '5', '1');
--RESPUESTAS TEST 0 PREG 0.7
INSERT INTO "ALT" (ID_ALT, DESCRIPCION_ALTERNATIVA, CORRECTO_O_INCORRECTO, PONDERACION_ALTERNATIVA, PREG_ID_PREG, ESTUDIANTE_ID_ESTUDIANTE) VALUES ('87', 'ALTERNATIVA 4 PREG 0.7', 'F', '0', '6', '1');
--RESPUESTAS TEST 0 PREG 0.8
INSERT INTO "ALT" (ID_ALT, DESCRIPCION_ALTERNATIVA, CORRECTO_O_INCORRECTO, PONDERACION_ALTERNATIVA, PREG_ID_PREG, ESTUDIANTE_ID_ESTUDIANTE) VALUES ('88', 'ALTERNATIVA 2 PREG 0.8', 'F', '0', '7', '1');
--RESPUESTAS TEST 0 PREG 0.9
INSERT INTO "ALT" (ID_ALT, DESCRIPCION_ALTERNATIVA, CORRECTO_O_INCORRECTO, PONDERACION_ALTERNATIVA, PREG_ID_PREG, ESTUDIANTE_ID_ESTUDIANTE) VALUES ('89', 'ALTERNATIVA 4 PREG 0.9', 'T', '1', '8', '1');
--RESPUESTAS TEST 0 PREG 0.10
INSERT INTO "ALT" (ID_ALT, DESCRIPCION_ALTERNATIVA, CORRECTO_O_INCORRECTO, PONDERACION_ALTERNATIVA, PREG_ID_PREG, ESTUDIANTE_ID_ESTUDIANTE) VALUES ('90', 'ALTERNATIVA 3 PREG 0.10', 'T', '1', '9', '1');

-------------------------------------
--ALUMNO 2 CURSO 1 TEST 0
--RESPUESTAS TEST 0 PREG 0.1
INSERT INTO "ALT" (ID_ALT, DESCRIPCION_ALTERNATIVA, CORRECTO_O_INCORRECTO, PONDERACION_ALTERNATIVA, PREG_ID_PREG, ESTUDIANTE_ID_ESTUDIANTE) VALUES ('91', 'ALTERNATIVA 1 PREG 0.1', 'T', '1', '0', '2');
--RESPUESTAS TEST 0 PREG 0.2
INSERT INTO "ALT" (ID_ALT, DESCRIPCION_ALTERNATIVA, CORRECTO_O_INCORRECTO, PONDERACION_ALTERNATIVA, PREG_ID_PREG, ESTUDIANTE_ID_ESTUDIANTE) VALUES ('92', 'ALTERNATIVA 1 PREG 0.2', 'T', '0,5', '1', '2');
--RESPUESTAS TEST 0 PREG 0.3
INSERT INTO "ALT" (ID_ALT, DESCRIPCION_ALTERNATIVA, CORRECTO_O_INCORRECTO, PONDERACION_ALTERNATIVA, PREG_ID_PREG, ESTUDIANTE_ID_ESTUDIANTE) VALUES ('93', 'ALTERNATIVA 1 PREG 0.3', 'F', '0', '2', '2');
--RESPUESTAS TEST 0 PREG 0.4
INSERT INTO "ALT" (ID_ALT, DESCRIPCION_ALTERNATIVA, CORRECTO_O_INCORRECTO, PONDERACION_ALTERNATIVA, PREG_ID_PREG, ESTUDIANTE_ID_ESTUDIANTE) VALUES ('94', 'ALTERNATIVA 1 PREG 0.4', 'T', '0,7', '3', '2');
INSERT INTO "ALT" (ID_ALT, DESCRIPCION_ALTERNATIVA, CORRECTO_O_INCORRECTO, PONDERACION_ALTERNATIVA, PREG_ID_PREG, ESTUDIANTE_ID_ESTUDIANTE) VALUES ('95', 'ALTERNATIVA 2 PREG 0.4', 'T', '0,3', '3', '2');
--RESPUESTAS TEST 0 PREG 0.5
INSERT INTO "ALT" (ID_ALT, DESCRIPCION_ALTERNATIVA, CORRECTO_O_INCORRECTO, PONDERACION_ALTERNATIVA, PREG_ID_PREG, ESTUDIANTE_ID_ESTUDIANTE) VALUES ('96', 'ALTERNATIVA 1 PREG 0.5', 'T', '1', '4', '2');
--RESPUESTAS TEST 0 PREG 0.6
INSERT INTO "ALT" (ID_ALT, DESCRIPCION_ALTERNATIVA, CORRECTO_O_INCORRECTO, PONDERACION_ALTERNATIVA, PREG_ID_PREG, ESTUDIANTE_ID_ESTUDIANTE) VALUES ('97', 'ALTERNATIVA 4 PREG 0.6', 'F', '0', '5', '2');
--RESPUESTAS TEST 0 PREG 0.7
INSERT INTO "ALT" (ID_ALT, DESCRIPCION_ALTERNATIVA, CORRECTO_O_INCORRECTO, PONDERACION_ALTERNATIVA, PREG_ID_PREG, ESTUDIANTE_ID_ESTUDIANTE) VALUES ('98', 'ALTERNATIVA 4 PREG 0.7', 'F', '0', '6', '2');
--RESPUESTAS TEST 0 PREG 0.8
INSERT INTO "ALT" (ID_ALT, DESCRIPCION_ALTERNATIVA, CORRECTO_O_INCORRECTO, PONDERACION_ALTERNATIVA, PREG_ID_PREG, ESTUDIANTE_ID_ESTUDIANTE) VALUES ('99', 'ALTERNATIVA 3 PREG 0.8', 'T', '1', '7', '2');
--RESPUESTAS TEST 0 PREG 0.9
INSERT INTO "ALT" (ID_ALT, DESCRIPCION_ALTERNATIVA, CORRECTO_O_INCORRECTO, PONDERACION_ALTERNATIVA, PREG_ID_PREG, ESTUDIANTE_ID_ESTUDIANTE) VALUES ('100', 'ALTERNATIVA 4 PREG 0.9', 'T', '1', '8', '2');
--RESPUESTAS TEST 0 PREG 0.10
INSERT INTO "ALT" (ID_ALT, DESCRIPCION_ALTERNATIVA, CORRECTO_O_INCORRECTO, PONDERACION_ALTERNATIVA, PREG_ID_PREG, ESTUDIANTE_ID_ESTUDIANTE) VALUES ('101', 'ALTERNATIVA 3 PREG 0.10', 'T', '1', '9', '2');

-----------------------
--ALUMNO 3 CURSO 1 TEST 0
--RESPUESTAS TEST 0 PREG 0.1
INSERT INTO "ALT" (ID_ALT, DESCRIPCION_ALTERNATIVA, CORRECTO_O_INCORRECTO, PONDERACION_ALTERNATIVA, PREG_ID_PREG, ESTUDIANTE_ID_ESTUDIANTE) VALUES ('102', 'ALTERNATIVA 1 PREG 0.1', 'T', '1', '0', '3');
--RESPUESTAS TEST 0 PREG 0.2
INSERT INTO "ALT" (ID_ALT, DESCRIPCION_ALTERNATIVA, CORRECTO_O_INCORRECTO, PONDERACION_ALTERNATIVA, PREG_ID_PREG, ESTUDIANTE_ID_ESTUDIANTE) VALUES ('103', 'ALTERNATIVA 4 PREG 0.2', 'F', '0', '1', '3');
--RESPUESTAS TEST 0 PREG 0.3 (SIN RESPUESTA)
--RESPUESTAS TEST 0 PREG 0.4
INSERT INTO "ALT" (ID_ALT, DESCRIPCION_ALTERNATIVA, CORRECTO_O_INCORRECTO, PONDERACION_ALTERNATIVA, PREG_ID_PREG, ESTUDIANTE_ID_ESTUDIANTE) VALUES ('104', 'ALTERNATIVA 4 PREG 0.4', 'F', '0', '3', '3');
--RESPUESTAS TEST 0 PREG 0.5
INSERT INTO "ALT" (ID_ALT, DESCRIPCION_ALTERNATIVA, CORRECTO_O_INCORRECTO, PONDERACION_ALTERNATIVA, PREG_ID_PREG, ESTUDIANTE_ID_ESTUDIANTE) VALUES ('105', 'ALTERNATIVA 1 PREG 0.5', 'T', '1', '4', '3');
--RESPUESTAS TEST 0 PREG 0.6
INSERT INTO "ALT" (ID_ALT, DESCRIPCION_ALTERNATIVA, CORRECTO_O_INCORRECTO, PONDERACION_ALTERNATIVA, PREG_ID_PREG, ESTUDIANTE_ID_ESTUDIANTE) VALUES ('106', 'ALTERNATIVA 1 PREG 0.6', 'T', '1', '5', '3');
--RESPUESTAS TEST 0 PREG 0.7
INSERT INTO "ALT" (ID_ALT, DESCRIPCION_ALTERNATIVA, CORRECTO_O_INCORRECTO, PONDERACION_ALTERNATIVA, PREG_ID_PREG, ESTUDIANTE_ID_ESTUDIANTE) VALUES ('107', 'ALTERNATIVA 1 PREG 0.7', 'T', '1', '6', '3');
--RESPUESTAS TEST 0 PREG 0.8
INSERT INTO "ALT" (ID_ALT, DESCRIPCION_ALTERNATIVA, CORRECTO_O_INCORRECTO, PONDERACION_ALTERNATIVA, PREG_ID_PREG, ESTUDIANTE_ID_ESTUDIANTE) VALUES ('108', 'ALTERNATIVA 4 PREG 0.8', 'F', '0', '7', '3');
--RESPUESTAS TEST 0 PREG 0.9
INSERT INTO "ALT" (ID_ALT, DESCRIPCION_ALTERNATIVA, CORRECTO_O_INCORRECTO, PONDERACION_ALTERNATIVA, PREG_ID_PREG, ESTUDIANTE_ID_ESTUDIANTE) VALUES ('109', 'ALTERNATIVA 4 PREG 0.9', 'T', '1', '8', '3');
--RESPUESTAS TEST 0 PREG 0.10
INSERT INTO "ALT" (ID_ALT, DESCRIPCION_ALTERNATIVA, CORRECTO_O_INCORRECTO, PONDERACION_ALTERNATIVA, PREG_ID_PREG, ESTUDIANTE_ID_ESTUDIANTE) VALUES ('110', 'ALTERNATIVA 3 PREG 0.10', 'T', '1', '9', '3');

---------------------------------------
--ALUMNO 4 CURSO 1 TEST 0
--RESPUESTAS TEST 0 PREG 0.1 (SIN RESPUESTA)
--RESPUESTAS TEST 0 PREG 0.2 (SIN RESPUESTA)
--RESPUESTAS TEST 0 PREG 0.3
INSERT INTO "ALT" (ID_ALT, DESCRIPCION_ALTERNATIVA, CORRECTO_O_INCORRECTO, PONDERACION_ALTERNATIVA, PREG_ID_PREG, ESTUDIANTE_ID_ESTUDIANTE) VALUES ('111', 'ALTERNATIVA 3 PREG 0.3', 'T', '1', '2', '4');
--RESPUESTAS TEST 0 PREG 0.4 (SIN RESPUESTA)
--RESPUESTAS TEST 0 PREG 0.5
INSERT INTO "ALT" (ID_ALT, DESCRIPCION_ALTERNATIVA, CORRECTO_O_INCORRECTO, PONDERACION_ALTERNATIVA, PREG_ID_PREG, ESTUDIANTE_ID_ESTUDIANTE) VALUES ('112', 'ALTERNATIVA 1 PREG 0.5', 'T', '1', '4', '4');
--RESPUESTAS TEST 0 PREG 0.6
INSERT INTO "ALT" (ID_ALT, DESCRIPCION_ALTERNATIVA, CORRECTO_O_INCORRECTO, PONDERACION_ALTERNATIVA, PREG_ID_PREG, ESTUDIANTE_ID_ESTUDIANTE) VALUES ('113', 'ALTERNATIVA 4 PREG 0.6', 'F', '0', '5', '4');
--RESPUESTAS TEST 0 PREG 0.7
INSERT INTO "ALT" (ID_ALT, DESCRIPCION_ALTERNATIVA, CORRECTO_O_INCORRECTO, PONDERACION_ALTERNATIVA, PREG_ID_PREG, ESTUDIANTE_ID_ESTUDIANTE) VALUES ('114', 'ALTERNATIVA 1 PREG 0.7', 'T', '1', '6', '4');
--RESPUESTAS TEST 0 PREG 0.8
INSERT INTO "ALT" (ID_ALT, DESCRIPCION_ALTERNATIVA, CORRECTO_O_INCORRECTO, PONDERACION_ALTERNATIVA, PREG_ID_PREG, ESTUDIANTE_ID_ESTUDIANTE) VALUES ('115', 'ALTERNATIVA 3 PREG 0.8', 'T', '1', '7', '4');
--RESPUESTAS TEST 0 PREG 0.9
INSERT INTO "ALT" (ID_ALT, DESCRIPCION_ALTERNATIVA, CORRECTO_O_INCORRECTO, PONDERACION_ALTERNATIVA, PREG_ID_PREG, ESTUDIANTE_ID_ESTUDIANTE) VALUES ('116', 'ALTERNATIVA 4 PREG 0.9', 'T', '1', '8', '4');
--RESPUESTAS TEST 0 PREG 0.10
INSERT INTO "ALT" (ID_ALT, DESCRIPCION_ALTERNATIVA, CORRECTO_O_INCORRECTO, PONDERACION_ALTERNATIVA, PREG_ID_PREG, ESTUDIANTE_ID_ESTUDIANTE) VALUES ('117', 'ALTERNATIVA 4 PREG 0.10', 'F', '0', '9', '4');

---------------------------------------
--ALUMNO 5 CURSO 1 TEST 0
--RESPUESTAS TEST 0 PREG 0.1
INSERT INTO "ALT" (ID_ALT, DESCRIPCION_ALTERNATIVA, CORRECTO_O_INCORRECTO, PONDERACION_ALTERNATIVA, PREG_ID_PREG, ESTUDIANTE_ID_ESTUDIANTE) VALUES ('118', 'ALTERNATIVA 1 PREG 0.1', 'T', '1', '0', '5');
--RESPUESTAS TEST 0 PREG 0.2
INSERT INTO "ALT" (ID_ALT, DESCRIPCION_ALTERNATIVA, CORRECTO_O_INCORRECTO, PONDERACION_ALTERNATIVA, PREG_ID_PREG, ESTUDIANTE_ID_ESTUDIANTE) VALUES ('119', 'ALTERNATIVA 4 PREG 0.2', 'F', '0', '1', '5');
--RESPUESTAS TEST 0 PREG 0.3
INSERT INTO "ALT" (ID_ALT, DESCRIPCION_ALTERNATIVA, CORRECTO_O_INCORRECTO, PONDERACION_ALTERNATIVA, PREG_ID_PREG, ESTUDIANTE_ID_ESTUDIANTE) VALUES ('120', 'ALTERNATIVA 4 PREG 0.3', 'F', '0', '2', '5');
--RESPUESTAS TEST 0 PREG 0.4
INSERT INTO "ALT" (ID_ALT, DESCRIPCION_ALTERNATIVA, CORRECTO_O_INCORRECTO, PONDERACION_ALTERNATIVA, PREG_ID_PREG, ESTUDIANTE_ID_ESTUDIANTE) VALUES ('121', 'ALTERNATIVA 1 PREG 0.4', 'T', '0,7', '3', '5');
--RESPUESTAS TEST 0 PREG 0.5
INSERT INTO "ALT" (ID_ALT, DESCRIPCION_ALTERNATIVA, CORRECTO_O_INCORRECTO, PONDERACION_ALTERNATIVA, PREG_ID_PREG, ESTUDIANTE_ID_ESTUDIANTE) VALUES ('122', 'ALTERNATIVA 4 PREG 0.5', 'F', '0', '4', '5');
--RESPUESTAS TEST 0 PREG 0.6 (SIN RESPUESTA)
--RESPUESTAS TEST 0 PREG 0.7 (SIN RESPUESTA)
--RESPUESTAS TEST 0 PREG 0.8 (SIN RESPUESTA)
--RESPUESTAS TEST 0 PREG 0.9
INSERT INTO "ALT" (ID_ALT, DESCRIPCION_ALTERNATIVA, CORRECTO_O_INCORRECTO, PONDERACION_ALTERNATIVA, PREG_ID_PREG, ESTUDIANTE_ID_ESTUDIANTE) VALUES ('123', 'ALTERNATIVA 1 PREG 0.9', 'F', '0', '8', '5');
--RESPUESTAS TEST 0 PREG 0.10
INSERT INTO "ALT" (ID_ALT, DESCRIPCION_ALTERNATIVA, CORRECTO_O_INCORRECTO, PONDERACION_ALTERNATIVA, PREG_ID_PREG, ESTUDIANTE_ID_ESTUDIANTE) VALUES ('124', 'ALTERNATIVA 1 PREG 0.10', 'F', '0', '9', '5');

--ALUMNO 6 CURSO 1 TEST 0
--RESPUESTAS TEST 0 PREG 0.1
INSERT INTO "ALT" (ID_ALT, DESCRIPCION_ALTERNATIVA, CORRECTO_O_INCORRECTO, PONDERACION_ALTERNATIVA, PREG_ID_PREG, ESTUDIANTE_ID_ESTUDIANTE) VALUES ('125', 'ALTERNATIVA 1 PREG 0.1', 'T', '1', '0', '6');
--RESPUESTAS TEST 0 PREG 0.2
INSERT INTO "ALT" (ID_ALT, DESCRIPCION_ALTERNATIVA, CORRECTO_O_INCORRECTO, PONDERACION_ALTERNATIVA, PREG_ID_PREG, ESTUDIANTE_ID_ESTUDIANTE) VALUES ('126', 'ALTERNATIVA 1 PREG 0.2', 'T', '0,5', '1', '6');
INSERT INTO "ALT" (ID_ALT, DESCRIPCION_ALTERNATIVA, CORRECTO_O_INCORRECTO, PONDERACION_ALTERNATIVA, PREG_ID_PREG, ESTUDIANTE_ID_ESTUDIANTE) VALUES ('127', 'ALTERNATIVA 4 PREG 0.2', 'F', '0', '1', '6');
--RESPUESTAS TEST 0 PREG 0.3
INSERT INTO "ALT" (ID_ALT, DESCRIPCION_ALTERNATIVA, CORRECTO_O_INCORRECTO, PONDERACION_ALTERNATIVA, PREG_ID_PREG, ESTUDIANTE_ID_ESTUDIANTE) VALUES ('128', 'ALTERNATIVA 1 PREG 0.3', 'F', '0', '2', '6');
--RESPUESTAS TEST 0 PREG 0.4
INSERT INTO "ALT" (ID_ALT, DESCRIPCION_ALTERNATIVA, CORRECTO_O_INCORRECTO, PONDERACION_ALTERNATIVA, PREG_ID_PREG, ESTUDIANTE_ID_ESTUDIANTE) VALUES ('129', 'ALTERNATIVA 1 PREG 0.4', 'T', '0,7', '3', '6');
INSERT INTO "ALT" (ID_ALT, DESCRIPCION_ALTERNATIVA, CORRECTO_O_INCORRECTO, PONDERACION_ALTERNATIVA, PREG_ID_PREG, ESTUDIANTE_ID_ESTUDIANTE) VALUES ('130', 'ALTERNATIVA 2 PREG 0.4', 'T', '0,3', '3', '6');
--RESPUESTAS TEST 0 PREG 0.5
INSERT INTO "ALT" (ID_ALT, DESCRIPCION_ALTERNATIVA, CORRECTO_O_INCORRECTO, PONDERACION_ALTERNATIVA, PREG_ID_PREG, ESTUDIANTE_ID_ESTUDIANTE) VALUES ('131', 'ALTERNATIVA 1 PREG 0.5', 'T', '1', '4', '6');
--RESPUESTAS TEST 0 PREG 0.6
INSERT INTO "ALT" (ID_ALT, DESCRIPCION_ALTERNATIVA, CORRECTO_O_INCORRECTO, PONDERACION_ALTERNATIVA, PREG_ID_PREG, ESTUDIANTE_ID_ESTUDIANTE) VALUES ('132', 'ALTERNATIVA 4 PREG 0.6', 'F', '0', '5', '6');
--RESPUESTAS TEST 0 PREG 0.7
INSERT INTO "ALT" (ID_ALT, DESCRIPCION_ALTERNATIVA, CORRECTO_O_INCORRECTO, PONDERACION_ALTERNATIVA, PREG_ID_PREG, ESTUDIANTE_ID_ESTUDIANTE) VALUES ('133', 'ALTERNATIVA 4 PREG 0.7', 'F', '0', '6', '6');
--RESPUESTAS TEST 0 PREG 0.8
INSERT INTO "ALT" (ID_ALT, DESCRIPCION_ALTERNATIVA, CORRECTO_O_INCORRECTO, PONDERACION_ALTERNATIVA, PREG_ID_PREG, ESTUDIANTE_ID_ESTUDIANTE) VALUES ('134', 'ALTERNATIVA 4 PREG 0.8', 'F', '0', '7', '6');
--RESPUESTAS TEST 0 PREG 0.9
INSERT INTO "ALT" (ID_ALT, DESCRIPCION_ALTERNATIVA, CORRECTO_O_INCORRECTO, PONDERACION_ALTERNATIVA, PREG_ID_PREG, ESTUDIANTE_ID_ESTUDIANTE) VALUES ('135', 'ALTERNATIVA 4 PREG 0.9', 'T', '1', '8', '6');
--RESPUESTAS TEST 0 PREG 0.10
INSERT INTO "ALT" (ID_ALT, DESCRIPCION_ALTERNATIVA, CORRECTO_O_INCORRECTO, PONDERACION_ALTERNATIVA, PREG_ID_PREG, ESTUDIANTE_ID_ESTUDIANTE) VALUES ('136', 'ALTERNATIVA 3 PREG 0.10', 'T', '1', '9', '6');

--ALUMNO 7 CURSO 1 TEST 0
--RESPUESTAS TEST 0 PREG 0.1
INSERT INTO "ALT" (ID_ALT, DESCRIPCION_ALTERNATIVA, CORRECTO_O_INCORRECTO, PONDERACION_ALTERNATIVA, PREG_ID_PREG, ESTUDIANTE_ID_ESTUDIANTE) VALUES ('137', 'ALTERNATIVA 1 PREG 0.1', 'T', '1', '0', '7');
--RESPUESTAS TEST 0 PREG 0.2
INSERT INTO "ALT" (ID_ALT, DESCRIPCION_ALTERNATIVA, CORRECTO_O_INCORRECTO, PONDERACION_ALTERNATIVA, PREG_ID_PREG, ESTUDIANTE_ID_ESTUDIANTE) VALUES ('138', 'ALTERNATIVA 1 PREG 0.2', 'T', '0,5', '1', '7');
INSERT INTO "ALT" (ID_ALT, DESCRIPCION_ALTERNATIVA, CORRECTO_O_INCORRECTO, PONDERACION_ALTERNATIVA, PREG_ID_PREG, ESTUDIANTE_ID_ESTUDIANTE) VALUES ('139', 'ALTERNATIVA 4 PREG 0.2', 'F', '0', '1', '7');
--RESPUESTAS TEST 0 PREG 0.3
INSERT INTO "ALT" (ID_ALT, DESCRIPCION_ALTERNATIVA, CORRECTO_O_INCORRECTO, PONDERACION_ALTERNATIVA, PREG_ID_PREG, ESTUDIANTE_ID_ESTUDIANTE) VALUES ('140', 'ALTERNATIVA 3 PREG 0.3', 'T', '1', '2', '7');
--RESPUESTAS TEST 0 PREG 0.4
INSERT INTO "ALT" (ID_ALT, DESCRIPCION_ALTERNATIVA, CORRECTO_O_INCORRECTO, PONDERACION_ALTERNATIVA, PREG_ID_PREG, ESTUDIANTE_ID_ESTUDIANTE) VALUES ('141', 'ALTERNATIVA 4 PREG 0.4', 'F', '0', '3', '7');
--RESPUESTAS TEST 0 PREG 0.5
INSERT INTO "ALT" (ID_ALT, DESCRIPCION_ALTERNATIVA, CORRECTO_O_INCORRECTO, PONDERACION_ALTERNATIVA, PREG_ID_PREG, ESTUDIANTE_ID_ESTUDIANTE) VALUES ('142', 'ALTERNATIVA 1 PREG 0.5', 'T', '1', '4', '7');
--RESPUESTAS TEST 0 PREG 0.6
INSERT INTO "ALT" (ID_ALT, DESCRIPCION_ALTERNATIVA, CORRECTO_O_INCORRECTO, PONDERACION_ALTERNATIVA, PREG_ID_PREG, ESTUDIANTE_ID_ESTUDIANTE) VALUES ('143', 'ALTERNATIVA 1 PREG 0.6', 'T', '1', '5', '7');
--RESPUESTAS TEST 0 PREG 0.7
INSERT INTO "ALT" (ID_ALT, DESCRIPCION_ALTERNATIVA, CORRECTO_O_INCORRECTO, PONDERACION_ALTERNATIVA, PREG_ID_PREG, ESTUDIANTE_ID_ESTUDIANTE) VALUES ('144', 'ALTERNATIVA 4 PREG 0.7', 'F', '0', '6', '7');
--RESPUESTAS TEST 0 PREG 0.8
INSERT INTO "ALT" (ID_ALT, DESCRIPCION_ALTERNATIVA, CORRECTO_O_INCORRECTO, PONDERACION_ALTERNATIVA, PREG_ID_PREG, ESTUDIANTE_ID_ESTUDIANTE) VALUES ('145', 'ALTERNATIVA 4 PREG 0.8', 'F', '0', '7', '7');
--RESPUESTAS TEST 0 PREG 0.9
INSERT INTO "ALT" (ID_ALT, DESCRIPCION_ALTERNATIVA, CORRECTO_O_INCORRECTO, PONDERACION_ALTERNATIVA, PREG_ID_PREG, ESTUDIANTE_ID_ESTUDIANTE) VALUES ('146', 'ALTERNATIVA 4 PREG 0.9', 'T', '1', '8', '7');
--RESPUESTAS TEST 0 PREG 0.10
INSERT INTO "ALT" (ID_ALT, DESCRIPCION_ALTERNATIVA, CORRECTO_O_INCORRECTO, PONDERACION_ALTERNATIVA, PREG_ID_PREG, ESTUDIANTE_ID_ESTUDIANTE) VALUES ('147', 'ALTERNATIVA 4 PREG 0.10', 'F', '0', '9', '7');

----------------------------
--ALUMNO 8 CURSO 1 TEST 0
--RESPUESTAS TEST 0 PREG 0.1
INSERT INTO "ALT" (ID_ALT, DESCRIPCION_ALTERNATIVA, CORRECTO_O_INCORRECTO, PONDERACION_ALTERNATIVA, PREG_ID_PREG, ESTUDIANTE_ID_ESTUDIANTE) VALUES ('148', 'ALTERNATIVA 1 PREG 0.1', 'T', '1', '0', '8');
--RESPUESTAS TEST 0 PREG 0.2 (SIN RESPUESTA)
--RESPUESTAS TEST 0 PREG 0.3
INSERT INTO "ALT" (ID_ALT, DESCRIPCION_ALTERNATIVA, CORRECTO_O_INCORRECTO, PONDERACION_ALTERNATIVA, PREG_ID_PREG, ESTUDIANTE_ID_ESTUDIANTE) VALUES ('149', 'ALTERNATIVA 1 PREG 0.3', 'F', '0', '2', '8');
--RESPUESTAS TEST 0 PREG 0.4
INSERT INTO "ALT" (ID_ALT, DESCRIPCION_ALTERNATIVA, CORRECTO_O_INCORRECTO, PONDERACION_ALTERNATIVA, PREG_ID_PREG, ESTUDIANTE_ID_ESTUDIANTE) VALUES ('150', 'ALTERNATIVA 4 PREG 0.4', 'F', '0', '3', '8');
--RESPUESTAS TEST 0 PREG 0.5
INSERT INTO "ALT" (ID_ALT, DESCRIPCION_ALTERNATIVA, CORRECTO_O_INCORRECTO, PONDERACION_ALTERNATIVA, PREG_ID_PREG, ESTUDIANTE_ID_ESTUDIANTE) VALUES ('151', 'ALTERNATIVA 3 PREG 0.5', 'F', '0', '4', '8');
--RESPUESTAS TEST 0 PREG 0.6
INSERT INTO "ALT" (ID_ALT, DESCRIPCION_ALTERNATIVA, CORRECTO_O_INCORRECTO, PONDERACION_ALTERNATIVA, PREG_ID_PREG, ESTUDIANTE_ID_ESTUDIANTE) VALUES ('152', 'ALTERNATIVA 1 PREG 0.6', 'T', '1', '5', '8');
--RESPUESTAS TEST 0 PREG 0.7
INSERT INTO "ALT" (ID_ALT, DESCRIPCION_ALTERNATIVA, CORRECTO_O_INCORRECTO, PONDERACION_ALTERNATIVA, PREG_ID_PREG, ESTUDIANTE_ID_ESTUDIANTE) VALUES ('153', 'ALTERNATIVA 1 PREG 0.7', 'T', '1', '6', '8');
--RESPUESTAS TEST 0 PREG 0.8
INSERT INTO "ALT" (ID_ALT, DESCRIPCION_ALTERNATIVA, CORRECTO_O_INCORRECTO, PONDERACION_ALTERNATIVA, PREG_ID_PREG, ESTUDIANTE_ID_ESTUDIANTE) VALUES ('154', 'ALTERNATIVA 4 PREG 0.8', 'F', '0', '7', '8');
--RESPUESTAS TEST 0 PREG 0.9
INSERT INTO "ALT" (ID_ALT, DESCRIPCION_ALTERNATIVA, CORRECTO_O_INCORRECTO, PONDERACION_ALTERNATIVA, PREG_ID_PREG, ESTUDIANTE_ID_ESTUDIANTE) VALUES ('155', 'ALTERNATIVA 4 PREG 0.9', 'T', '1', '8', '8');
--RESPUESTAS TEST 0 PREG 0.10
INSERT INTO "ALT" (ID_ALT, DESCRIPCION_ALTERNATIVA, CORRECTO_O_INCORRECTO, PONDERACION_ALTERNATIVA, PREG_ID_PREG, ESTUDIANTE_ID_ESTUDIANTE) VALUES ('156', 'ALTERNATIVA 3 PREG 0.10', 'T', '1', '9', '8');

--------------------------
--ALUMNO 9 CURSO 1 TEST 0
--RESPUESTAS TEST 0 PREG 0.1 (NO RESPONDE)
--RESPUESTAS TEST 0 PREG 0.2
INSERT INTO "ALT" (ID_ALT, DESCRIPCION_ALTERNATIVA, CORRECTO_O_INCORRECTO, PONDERACION_ALTERNATIVA, PREG_ID_PREG, ESTUDIANTE_ID_ESTUDIANTE) VALUES ('157', 'ALTERNATIVA 1 PREG 0.2', 'T', '0,5', '1', '9');
INSERT INTO "ALT" (ID_ALT, DESCRIPCION_ALTERNATIVA, CORRECTO_O_INCORRECTO, PONDERACION_ALTERNATIVA, PREG_ID_PREG, ESTUDIANTE_ID_ESTUDIANTE) VALUES ('158', 'ALTERNATIVA 4 PREG 0.2', 'F', '0', '1', '9');
--RESPUESTAS TEST 0 PREG 0.3
INSERT INTO "ALT" (ID_ALT, DESCRIPCION_ALTERNATIVA, CORRECTO_O_INCORRECTO, PONDERACION_ALTERNATIVA, PREG_ID_PREG, ESTUDIANTE_ID_ESTUDIANTE) VALUES ('159', 'ALTERNATIVA 3 PREG 0.3', 'T', '1', '2', '9');
--RESPUESTAS TEST 0 PREG 0.4
INSERT INTO "ALT" (ID_ALT, DESCRIPCION_ALTERNATIVA, CORRECTO_O_INCORRECTO, PONDERACION_ALTERNATIVA, PREG_ID_PREG, ESTUDIANTE_ID_ESTUDIANTE) VALUES ('160', 'ALTERNATIVA 1 PREG 0.4', 'T', '0,7', '3', '9');
INSERT INTO "ALT" (ID_ALT, DESCRIPCION_ALTERNATIVA, CORRECTO_O_INCORRECTO, PONDERACION_ALTERNATIVA, PREG_ID_PREG, ESTUDIANTE_ID_ESTUDIANTE) VALUES ('161', 'ALTERNATIVA 4 PREG 0.4', 'F', '0', '3', '9');
--RESPUESTAS TEST 0 PREG 0.5
INSERT INTO "ALT" (ID_ALT, DESCRIPCION_ALTERNATIVA, CORRECTO_O_INCORRECTO, PONDERACION_ALTERNATIVA, PREG_ID_PREG, ESTUDIANTE_ID_ESTUDIANTE) VALUES ('162', 'ALTERNATIVA 1 PREG 0.5', 'T', '1', '4', '9');
--RESPUESTAS TEST 0 PREG 0.6
INSERT INTO "ALT" (ID_ALT, DESCRIPCION_ALTERNATIVA, CORRECTO_O_INCORRECTO, PONDERACION_ALTERNATIVA, PREG_ID_PREG, ESTUDIANTE_ID_ESTUDIANTE) VALUES ('163', 'ALTERNATIVA 1 PREG 0.6', 'T', '1', '5', '9');
--RESPUESTAS TEST 0 PREG 0.7 (SIN RESPUESTA)
--RESPUESTAS TEST 0 PREG 0.8
INSERT INTO "ALT" (ID_ALT, DESCRIPCION_ALTERNATIVA, CORRECTO_O_INCORRECTO, PONDERACION_ALTERNATIVA, PREG_ID_PREG, ESTUDIANTE_ID_ESTUDIANTE) VALUES ('164', 'ALTERNATIVA 3 PREG 0.8', 'T', '1', '7', '9');
--RESPUESTAS TEST 0 PREG 0.9
INSERT INTO "ALT" (ID_ALT, DESCRIPCION_ALTERNATIVA, CORRECTO_O_INCORRECTO, PONDERACION_ALTERNATIVA, PREG_ID_PREG, ESTUDIANTE_ID_ESTUDIANTE) VALUES ('165', 'ALTERNATIVA 4 PREG 0.9', 'T', '1', '8', '9');
--RESPUESTAS TEST 0 PREG 0.10
INSERT INTO "ALT" (ID_ALT, DESCRIPCION_ALTERNATIVA, CORRECTO_O_INCORRECTO, PONDERACION_ALTERNATIVA, PREG_ID_PREG, ESTUDIANTE_ID_ESTUDIANTE) VALUES ('166', 'ALTERNATIVA 3 PREG 0.10', 'T', '1', '9', '9');

--------------------------------
--ALUMNO 10 CURSO 1 TEST 0
--RESPUESTAS TEST 0 PREG 0.1
INSERT INTO "ALT" (ID_ALT, DESCRIPCION_ALTERNATIVA, CORRECTO_O_INCORRECTO, PONDERACION_ALTERNATIVA, PREG_ID_PREG, ESTUDIANTE_ID_ESTUDIANTE) VALUES ('167', 'ALTERNATIVA 1 PREG 0.1', 'T', '1', '0', '10');
--RESPUESTAS TEST 0 PREG 0.2 (SIN RESPUESTA)
--RESPUESTAS TEST 0 PREG 0.3
INSERT INTO "ALT" (ID_ALT, DESCRIPCION_ALTERNATIVA, CORRECTO_O_INCORRECTO, PONDERACION_ALTERNATIVA, PREG_ID_PREG, ESTUDIANTE_ID_ESTUDIANTE) VALUES ('168', 'ALTERNATIVA 4 PREG 0.3', 'F', '0', '2', '10');
--RESPUESTAS TEST 0 PREG 0.4
INSERT INTO "ALT" (ID_ALT, DESCRIPCION_ALTERNATIVA, CORRECTO_O_INCORRECTO, PONDERACION_ALTERNATIVA, PREG_ID_PREG, ESTUDIANTE_ID_ESTUDIANTE) VALUES ('169', 'ALTERNATIVA 1 PREG 0.4', 'T', '0,7', '3', '10');
--RESPUESTAS TEST 0 PREG 0.5
INSERT INTO "ALT" (ID_ALT, DESCRIPCION_ALTERNATIVA, CORRECTO_O_INCORRECTO, PONDERACION_ALTERNATIVA, PREG_ID_PREG, ESTUDIANTE_ID_ESTUDIANTE) VALUES ('170', 'ALTERNATIVA 1 PREG 0.5', 'T', '1', '4', '10');
--RESPUESTAS TEST 0 PREG 0.6
INSERT INTO "ALT" (ID_ALT, DESCRIPCION_ALTERNATIVA, CORRECTO_O_INCORRECTO, PONDERACION_ALTERNATIVA, PREG_ID_PREG, ESTUDIANTE_ID_ESTUDIANTE) VALUES ('171', 'ALTERNATIVA 1 PREG 0.6', 'T', '1', '5', '10');
--RESPUESTAS TEST 0 PREG 0.7
INSERT INTO "ALT" (ID_ALT, DESCRIPCION_ALTERNATIVA, CORRECTO_O_INCORRECTO, PONDERACION_ALTERNATIVA, PREG_ID_PREG, ESTUDIANTE_ID_ESTUDIANTE) VALUES ('172', 'ALTERNATIVA 4 PREG 0.7', 'F', '0', '6', '10');
--RESPUESTAS TEST 0 PREG 0.8
INSERT INTO "ALT" (ID_ALT, DESCRIPCION_ALTERNATIVA, CORRECTO_O_INCORRECTO, PONDERACION_ALTERNATIVA, PREG_ID_PREG, ESTUDIANTE_ID_ESTUDIANTE) VALUES ('173', 'ALTERNATIVA 4 PREG 0.8', 'F', '0', '7', '10');
--RESPUESTAS TEST 0 PREG 0.9
INSERT INTO "ALT" (ID_ALT, DESCRIPCION_ALTERNATIVA, CORRECTO_O_INCORRECTO, PONDERACION_ALTERNATIVA, PREG_ID_PREG, ESTUDIANTE_ID_ESTUDIANTE) VALUES ('174', 'ALTERNATIVA 4 PREG 0.9', 'T', '1', '8', '10');
--RESPUESTAS TEST 0 PREG 0.10
INSERT INTO "ALT" (ID_ALT, DESCRIPCION_ALTERNATIVA, CORRECTO_O_INCORRECTO, PONDERACION_ALTERNATIVA, PREG_ID_PREG, ESTUDIANTE_ID_ESTUDIANTE) VALUES ('175', 'ALTERNATIVA 1 PREG 0.10', 'F', '0', '9', '10');

-----------------------------------------
--ALUMNO 1 CURSO 2 TEST 1
--RESPUESTAS TEST 1 PREG 1.1
INSERT INTO "ALT" (ID_ALT, DESCRIPCION_ALTERNATIVA, CORRECTO_O_INCORRECTO, PONDERACION_ALTERNATIVA, PREG_ID_PREG, ESTUDIANTE_ID_ESTUDIANTE) VALUES ('176', 'ALTERNATIVA 4 PREG 1.1', 'F', '0', '10', '11');
--RESPUESTAS TEST 1 PREG 1.2
INSERT INTO "ALT" (ID_ALT, DESCRIPCION_ALTERNATIVA, CORRECTO_O_INCORRECTO, PONDERACION_ALTERNATIVA, PREG_ID_PREG, ESTUDIANTE_ID_ESTUDIANTE) VALUES ('177', 'ALTERNATIVA 1 PREG 1.2', 'F', '0', '11', '11');
INSERT INTO "ALT" (ID_ALT, DESCRIPCION_ALTERNATIVA, CORRECTO_O_INCORRECTO, PONDERACION_ALTERNATIVA, PREG_ID_PREG, ESTUDIANTE_ID_ESTUDIANTE) VALUES ('178', 'ALTERNATIVA 4 PREG 1.2', 'F', '0', '11', '11');
--RESPUESTAS TEST 1 PREG 1.3
INSERT INTO "ALT" (ID_ALT, DESCRIPCION_ALTERNATIVA, CORRECTO_O_INCORRECTO, PONDERACION_ALTERNATIVA, PREG_ID_PREG, ESTUDIANTE_ID_ESTUDIANTE) VALUES ('179', 'ALTERNATIVA 4 PREG 1.3', 'F', '0', '12', '11');
--RESPUESTAS TEST 1 PREG 1.4
INSERT INTO "ALT" (ID_ALT, DESCRIPCION_ALTERNATIVA, CORRECTO_O_INCORRECTO, PONDERACION_ALTERNATIVA, PREG_ID_PREG, ESTUDIANTE_ID_ESTUDIANTE) VALUES ('180', 'ALTERNATIVA 1 PREG 1.4', 'F', '0', '13', '11');
--RESPUESTAS TEST 1 PREG 1.5
INSERT INTO "ALT" (ID_ALT, DESCRIPCION_ALTERNATIVA, CORRECTO_O_INCORRECTO, PONDERACION_ALTERNATIVA, PREG_ID_PREG, ESTUDIANTE_ID_ESTUDIANTE) VALUES ('181', 'ALTERNATIVA 1 PREG 1.5', 'T', '1', '14', '11');
--RESPUESTAS TEST 1 PREG 1.6
INSERT INTO "ALT" (ID_ALT, DESCRIPCION_ALTERNATIVA, CORRECTO_O_INCORRECTO, PONDERACION_ALTERNATIVA, PREG_ID_PREG, ESTUDIANTE_ID_ESTUDIANTE) VALUES ('182', 'ALTERNATIVA 4 PREG 1.6', 'F', '0', '15', '11');
--RESPUESTAS TEST 1 PREG 1.7
INSERT INTO "ALT" (ID_ALT, DESCRIPCION_ALTERNATIVA, CORRECTO_O_INCORRECTO, PONDERACION_ALTERNATIVA, PREG_ID_PREG, ESTUDIANTE_ID_ESTUDIANTE) VALUES ('183', 'ALTERNATIVA 4 PREG 1.7', 'F', '0', '16', '11');
--RESPUESTAS TEST 1 PREG 1.8
INSERT INTO "ALT" (ID_ALT, DESCRIPCION_ALTERNATIVA, CORRECTO_O_INCORRECTO, PONDERACION_ALTERNATIVA, PREG_ID_PREG, ESTUDIANTE_ID_ESTUDIANTE) VALUES ('184', 'ALTERNATIVA 4 PREG 1.8', 'F', '0', '17', '11');
--RESPUESTAS TEST 1 PREG 1.9
INSERT INTO "ALT" (ID_ALT, DESCRIPCION_ALTERNATIVA, CORRECTO_O_INCORRECTO, PONDERACION_ALTERNATIVA, PREG_ID_PREG, ESTUDIANTE_ID_ESTUDIANTE) VALUES ('185', 'ALTERNATIVA 1 PREG 1.9', 'F', '0', '18', '11');
--RESPUESTAS TEST 1 PREG 1.10
INSERT INTO "ALT" (ID_ALT, DESCRIPCION_ALTERNATIVA, CORRECTO_O_INCORRECTO, PONDERACION_ALTERNATIVA, PREG_ID_PREG, ESTUDIANTE_ID_ESTUDIANTE) VALUES ('186', 'ALTERNATIVA 3 PREG 1.10', 'T', '0,5', '19', '11');

-----------------------------------------
--ALUMNO 2 CURSO 2 TEST 1
--RESPUESTAS TEST 1 PREG 1.1
INSERT INTO "ALT" (ID_ALT, DESCRIPCION_ALTERNATIVA, CORRECTO_O_INCORRECTO, PONDERACION_ALTERNATIVA, PREG_ID_PREG, ESTUDIANTE_ID_ESTUDIANTE) VALUES ('187', 'ALTERNATIVA 4 PREG 1.1', 'F', '0', '10', '12');
--RESPUESTAS TEST 1 PREG 1.2
INSERT INTO "ALT" (ID_ALT, DESCRIPCION_ALTERNATIVA, CORRECTO_O_INCORRECTO, PONDERACION_ALTERNATIVA, PREG_ID_PREG, ESTUDIANTE_ID_ESTUDIANTE) VALUES ('188', 'ALTERNATIVA 4 PREG 1.2', 'F', '0', '11', '12');
--RESPUESTAS TEST 1 PREG 1.3
INSERT INTO "ALT" (ID_ALT, DESCRIPCION_ALTERNATIVA, CORRECTO_O_INCORRECTO, PONDERACION_ALTERNATIVA, PREG_ID_PREG, ESTUDIANTE_ID_ESTUDIANTE) VALUES ('189', 'ALTERNATIVA 1 PREG 1.3', 'T', '1', '12', '12');
--RESPUESTAS TEST 1 PREG 1.4
INSERT INTO "ALT" (ID_ALT, DESCRIPCION_ALTERNATIVA, CORRECTO_O_INCORRECTO, PONDERACION_ALTERNATIVA, PREG_ID_PREG, ESTUDIANTE_ID_ESTUDIANTE) VALUES ('190', 'ALTERNATIVA 2 PREG 1.4', 'T', '0,3', '13', '12');
--RESPUESTAS TEST 1 PREG 1.5
INSERT INTO "ALT" (ID_ALT, DESCRIPCION_ALTERNATIVA, CORRECTO_O_INCORRECTO, PONDERACION_ALTERNATIVA, PREG_ID_PREG, ESTUDIANTE_ID_ESTUDIANTE) VALUES ('191', 'ALTERNATIVA 4 PREG 1.5', 'F', '0', '14', '12');
--RESPUESTAS TEST 1 PREG 1.6
INSERT INTO "ALT" (ID_ALT, DESCRIPCION_ALTERNATIVA, CORRECTO_O_INCORRECTO, PONDERACION_ALTERNATIVA, PREG_ID_PREG, ESTUDIANTE_ID_ESTUDIANTE) VALUES ('192', 'ALTERNATIVA 4 PREG 1.6', 'F', '0', '15', '12');
--RESPUESTAS TEST 1 PREG 1.7
INSERT INTO "ALT" (ID_ALT, DESCRIPCION_ALTERNATIVA, CORRECTO_O_INCORRECTO, PONDERACION_ALTERNATIVA, PREG_ID_PREG, ESTUDIANTE_ID_ESTUDIANTE) VALUES ('193', 'ALTERNATIVA 1 PREG 1.7', 'F', '0', '16', '12');
--RESPUESTAS TEST 1 PREG 1.8
INSERT INTO "ALT" (ID_ALT, DESCRIPCION_ALTERNATIVA, CORRECTO_O_INCORRECTO, PONDERACION_ALTERNATIVA, PREG_ID_PREG, ESTUDIANTE_ID_ESTUDIANTE) VALUES ('194', 'ALTERNATIVA 4 PREG 1.8', 'F', '0', '17', '12');
--RESPUESTAS TEST 1 PREG 1.9
INSERT INTO "ALT" (ID_ALT, DESCRIPCION_ALTERNATIVA, CORRECTO_O_INCORRECTO, PONDERACION_ALTERNATIVA, PREG_ID_PREG, ESTUDIANTE_ID_ESTUDIANTE) VALUES ('195', 'ALTERNATIVA 4 PREG 1.9', 'T', '1', '18', '12');
--RESPUESTAS TEST 1 PREG 1.10
INSERT INTO "ALT" (ID_ALT, DESCRIPCION_ALTERNATIVA, CORRECTO_O_INCORRECTO, PONDERACION_ALTERNATIVA, PREG_ID_PREG, ESTUDIANTE_ID_ESTUDIANTE) VALUES ('196', 'ALTERNATIVA 2 PREG 1.10', 'T', '0,5', '19', '12');
INSERT INTO "ALT" (ID_ALT, DESCRIPCION_ALTERNATIVA, CORRECTO_O_INCORRECTO, PONDERACION_ALTERNATIVA, PREG_ID_PREG, ESTUDIANTE_ID_ESTUDIANTE) VALUES ('197', 'ALTERNATIVA 3 PREG 1.10', 'T', '0,5', '19', '12');

-----------------------------------------
--ALUMNO 3 CURSO 2 TEST 1
--RESPUESTAS TEST 1 PREG 1.1 (NO RESPONDE)
--RESPUESTAS TEST 1 PREG 1.2
INSERT INTO "ALT" (ID_ALT, DESCRIPCION_ALTERNATIVA, CORRECTO_O_INCORRECTO, PONDERACION_ALTERNATIVA, PREG_ID_PREG, ESTUDIANTE_ID_ESTUDIANTE) VALUES ('198', 'ALTERNATIVA 4 PREG 1.2', 'F', '0', '11', '13');
--RESPUESTAS TEST 1 PREG 1.3
INSERT INTO "ALT" (ID_ALT, DESCRIPCION_ALTERNATIVA, CORRECTO_O_INCORRECTO, PONDERACION_ALTERNATIVA, PREG_ID_PREG, ESTUDIANTE_ID_ESTUDIANTE) VALUES ('199', 'ALTERNATIVA 4 PREG 1.3', 'F', '0', '12', '13');
--RESPUESTAS TEST 1 PREG 1.4
INSERT INTO "ALT" (ID_ALT, DESCRIPCION_ALTERNATIVA, CORRECTO_O_INCORRECTO, PONDERACION_ALTERNATIVA, PREG_ID_PREG, ESTUDIANTE_ID_ESTUDIANTE) VALUES ('200', 'ALTERNATIVA 1 PREG 1.4', 'F', '0', '13', '13');
--RESPUESTAS TEST 1 PREG 1.5
INSERT INTO "ALT" (ID_ALT, DESCRIPCION_ALTERNATIVA, CORRECTO_O_INCORRECTO, PONDERACION_ALTERNATIVA, PREG_ID_PREG, ESTUDIANTE_ID_ESTUDIANTE) VALUES ('201', 'ALTERNATIVA 4 PREG 1.5', 'F', '0', '14', '13');
--RESPUESTAS TEST 1 PREG 1.6
INSERT INTO "ALT" (ID_ALT, DESCRIPCION_ALTERNATIVA, CORRECTO_O_INCORRECTO, PONDERACION_ALTERNATIVA, PREG_ID_PREG, ESTUDIANTE_ID_ESTUDIANTE) VALUES ('202', 'ALTERNATIVA 1 PREG 1.6', 'F', '0', '15', '13');
--RESPUESTAS TEST 1 PREG 1.7
INSERT INTO "ALT" (ID_ALT, DESCRIPCION_ALTERNATIVA, CORRECTO_O_INCORRECTO, PONDERACION_ALTERNATIVA, PREG_ID_PREG, ESTUDIANTE_ID_ESTUDIANTE) VALUES ('203', 'ALTERNATIVA 3 PREG 1.7', 'T', '1', '16', '13');
--RESPUESTAS TEST 1 PREG 1.8
INSERT INTO "ALT" (ID_ALT, DESCRIPCION_ALTERNATIVA, CORRECTO_O_INCORRECTO, PONDERACION_ALTERNATIVA, PREG_ID_PREG, ESTUDIANTE_ID_ESTUDIANTE) VALUES ('204', 'ALTERNATIVA 1 PREG 1.8', 'F', '0', '17', '13');
--RESPUESTAS TEST 1 PREG 1.9
INSERT INTO "ALT" (ID_ALT, DESCRIPCION_ALTERNATIVA, CORRECTO_O_INCORRECTO, PONDERACION_ALTERNATIVA, PREG_ID_PREG, ESTUDIANTE_ID_ESTUDIANTE) VALUES ('205', 'ALTERNATIVA 4 PREG 1.9', 'T', '1', '18', '13');
--RESPUESTAS TEST 1 PREG 1.10
INSERT INTO "ALT" (ID_ALT, DESCRIPCION_ALTERNATIVA, CORRECTO_O_INCORRECTO, PONDERACION_ALTERNATIVA, PREG_ID_PREG, ESTUDIANTE_ID_ESTUDIANTE) VALUES ('206', 'ALTERNATIVA 4 PREG 1.10', 'F', '0', '19', '13');

-----------------------------------------
--ALUMNO 4 CURSO 2 TEST 1
--RESPUESTAS TEST 1 PREG 1.1
INSERT INTO "ALT" (ID_ALT, DESCRIPCION_ALTERNATIVA, CORRECTO_O_INCORRECTO, PONDERACION_ALTERNATIVA, PREG_ID_PREG, ESTUDIANTE_ID_ESTUDIANTE) VALUES ('207', 'ALTERNATIVA 4 PREG 1.1', 'F', '0', '10', '14');
--RESPUESTAS TEST 1 PREG 1.2
INSERT INTO "ALT" (ID_ALT, DESCRIPCION_ALTERNATIVA, CORRECTO_O_INCORRECTO, PONDERACION_ALTERNATIVA, PREG_ID_PREG, ESTUDIANTE_ID_ESTUDIANTE) VALUES ('208', 'ALTERNATIVA 1 PREG 1.2', 'F', '0', '11', '14');
--RESPUESTAS TEST 1 PREG 1.3
INSERT INTO "ALT" (ID_ALT, DESCRIPCION_ALTERNATIVA, CORRECTO_O_INCORRECTO, PONDERACION_ALTERNATIVA, PREG_ID_PREG, ESTUDIANTE_ID_ESTUDIANTE) VALUES ('209', 'ALTERNATIVA 4 PREG 1.3', 'F', '0', '12', '14');
--RESPUESTAS TEST 1 PREG 1.4
INSERT INTO "ALT" (ID_ALT, DESCRIPCION_ALTERNATIVA, CORRECTO_O_INCORRECTO, PONDERACION_ALTERNATIVA, PREG_ID_PREG, ESTUDIANTE_ID_ESTUDIANTE) VALUES ('210', 'ALTERNATIVA 1 PREG 1.4', 'F', '0', '13', '14');
--RESPUESTAS TEST 1 PREG 1.5
INSERT INTO "ALT" (ID_ALT, DESCRIPCION_ALTERNATIVA, CORRECTO_O_INCORRECTO, PONDERACION_ALTERNATIVA, PREG_ID_PREG, ESTUDIANTE_ID_ESTUDIANTE) VALUES ('211', 'ALTERNATIVA 1 PREG 1.5', 'T', '1', '14', '14');
--RESPUESTAS TEST 1 PREG 1.6
INSERT INTO "ALT" (ID_ALT, DESCRIPCION_ALTERNATIVA, CORRECTO_O_INCORRECTO, PONDERACION_ALTERNATIVA, PREG_ID_PREG, ESTUDIANTE_ID_ESTUDIANTE) VALUES ('212', 'ALTERNATIVA 4 PREG 1.6', 'F', '0', '15', '14');
--RESPUESTAS TEST 1 PREG 1.7
INSERT INTO "ALT" (ID_ALT, DESCRIPCION_ALTERNATIVA, CORRECTO_O_INCORRECTO, PONDERACION_ALTERNATIVA, PREG_ID_PREG, ESTUDIANTE_ID_ESTUDIANTE) VALUES ('213', 'ALTERNATIVA 4 PREG 1.7', 'F', '0', '16', '14');
--RESPUESTAS TEST 1 PREG 1.8
INSERT INTO "ALT" (ID_ALT, DESCRIPCION_ALTERNATIVA, CORRECTO_O_INCORRECTO, PONDERACION_ALTERNATIVA, PREG_ID_PREG, ESTUDIANTE_ID_ESTUDIANTE) VALUES ('214', 'ALTERNATIVA 4 PREG 1.8', 'F', '0', '17', '14');
--RESPUESTAS TEST 1 PREG 1.9
INSERT INTO "ALT" (ID_ALT, DESCRIPCION_ALTERNATIVA, CORRECTO_O_INCORRECTO, PONDERACION_ALTERNATIVA, PREG_ID_PREG, ESTUDIANTE_ID_ESTUDIANTE) VALUES ('215', 'ALTERNATIVA 4 PREG 1.9', 'T', '1', '18', '14');
--RESPUESTAS TEST 1 PREG 1.10
INSERT INTO "ALT" (ID_ALT, DESCRIPCION_ALTERNATIVA, CORRECTO_O_INCORRECTO, PONDERACION_ALTERNATIVA, PREG_ID_PREG, ESTUDIANTE_ID_ESTUDIANTE) VALUES ('216', 'ALTERNATIVA 4 PREG 1.10', 'F', '0', '19', '14');

-----------------------------------------
--ALUMNO 5 CURSO 2 TEST 1
--RESPUESTAS TEST 1 PREG 1.1
INSERT INTO "ALT" (ID_ALT, DESCRIPCION_ALTERNATIVA, CORRECTO_O_INCORRECTO, PONDERACION_ALTERNATIVA, PREG_ID_PREG, ESTUDIANTE_ID_ESTUDIANTE) VALUES ('217', 'ALTERNATIVA 3 PREG 1.1', 'T', '1', '10', '15');
--RESPUESTAS TEST 1 PREG 1.2
INSERT INTO "ALT" (ID_ALT, DESCRIPCION_ALTERNATIVA, CORRECTO_O_INCORRECTO, PONDERACION_ALTERNATIVA, PREG_ID_PREG, ESTUDIANTE_ID_ESTUDIANTE) VALUES ('218', 'ALTERNATIVA 1 PREG 1.2', 'F', '0', '11', '15');
--RESPUESTAS TEST 1 PREG 1.3
INSERT INTO "ALT" (ID_ALT, DESCRIPCION_ALTERNATIVA, CORRECTO_O_INCORRECTO, PONDERACION_ALTERNATIVA, PREG_ID_PREG, ESTUDIANTE_ID_ESTUDIANTE) VALUES ('219', 'ALTERNATIVA 4 PREG 1.3', 'F', '0', '12', '15');
--RESPUESTAS TEST 1 PREG 1.4
INSERT INTO "ALT" (ID_ALT, DESCRIPCION_ALTERNATIVA, CORRECTO_O_INCORRECTO, PONDERACION_ALTERNATIVA, PREG_ID_PREG, ESTUDIANTE_ID_ESTUDIANTE) VALUES ('220', 'ALTERNATIVA 2 PREG 1.4', 'T', '0,3', '13', '15');
INSERT INTO "ALT" (ID_ALT, DESCRIPCION_ALTERNATIVA, CORRECTO_O_INCORRECTO, PONDERACION_ALTERNATIVA, PREG_ID_PREG, ESTUDIANTE_ID_ESTUDIANTE) VALUES ('221', 'ALTERNATIVA 3 PREG 1.4', 'T', '0,7', '13', '15');
--RESPUESTAS TEST 1 PREG 1.5
INSERT INTO "ALT" (ID_ALT, DESCRIPCION_ALTERNATIVA, CORRECTO_O_INCORRECTO, PONDERACION_ALTERNATIVA, PREG_ID_PREG, ESTUDIANTE_ID_ESTUDIANTE) VALUES ('222', 'ALTERNATIVA 1 PREG 1.5', 'T', '1', '14', '15');
--RESPUESTAS TEST 1 PREG 1.6
INSERT INTO "ALT" (ID_ALT, DESCRIPCION_ALTERNATIVA, CORRECTO_O_INCORRECTO, PONDERACION_ALTERNATIVA, PREG_ID_PREG, ESTUDIANTE_ID_ESTUDIANTE) VALUES ('223', 'ALTERNATIVA 4 PREG 1.6', 'F', '0', '15', '15');
--RESPUESTAS TEST 1 PREG 1.7
INSERT INTO "ALT" (ID_ALT, DESCRIPCION_ALTERNATIVA, CORRECTO_O_INCORRECTO, PONDERACION_ALTERNATIVA, PREG_ID_PREG, ESTUDIANTE_ID_ESTUDIANTE) VALUES ('224', 'ALTERNATIVA 3 PREG 1.7', 'T', '1', '16', '15');
--RESPUESTAS TEST 1 PREG 1.8
INSERT INTO "ALT" (ID_ALT, DESCRIPCION_ALTERNATIVA, CORRECTO_O_INCORRECTO, PONDERACION_ALTERNATIVA, PREG_ID_PREG, ESTUDIANTE_ID_ESTUDIANTE) VALUES ('225', 'ALTERNATIVA 1 PREG 1.8', 'F', '0', '17', '15');
--RESPUESTAS TEST 1 PREG 1.9
INSERT INTO "ALT" (ID_ALT, DESCRIPCION_ALTERNATIVA, CORRECTO_O_INCORRECTO, PONDERACION_ALTERNATIVA, PREG_ID_PREG, ESTUDIANTE_ID_ESTUDIANTE) VALUES ('226', 'ALTERNATIVA 4 PREG 1.9', 'T', '1', '18', '15');
--RESPUESTAS TEST 1 PREG 1.10
INSERT INTO "ALT" (ID_ALT, DESCRIPCION_ALTERNATIVA, CORRECTO_O_INCORRECTO, PONDERACION_ALTERNATIVA, PREG_ID_PREG, ESTUDIANTE_ID_ESTUDIANTE) VALUES ('227', 'ALTERNATIVA 2 PREG 1.10', 'T', '0,5', '19', '15');
INSERT INTO "ALT" (ID_ALT, DESCRIPCION_ALTERNATIVA, CORRECTO_O_INCORRECTO, PONDERACION_ALTERNATIVA, PREG_ID_PREG, ESTUDIANTE_ID_ESTUDIANTE) VALUES ('228', 'ALTERNATIVA 3 PREG 1.10', 'T', '0,5', '19', '15');

-----------------------------------------
--ALUMNO 6 CURSO 2 TEST 1
--RESPUESTAS TEST 1 PREG 1.1
INSERT INTO "ALT" (ID_ALT, DESCRIPCION_ALTERNATIVA, CORRECTO_O_INCORRECTO, PONDERACION_ALTERNATIVA, PREG_ID_PREG, ESTUDIANTE_ID_ESTUDIANTE) VALUES ('229', 'ALTERNATIVA 4 PREG 1.1', 'F', '0', '10', '16');
--RESPUESTAS TEST 1 PREG 1.2
INSERT INTO "ALT" (ID_ALT, DESCRIPCION_ALTERNATIVA, CORRECTO_O_INCORRECTO, PONDERACION_ALTERNATIVA, PREG_ID_PREG, ESTUDIANTE_ID_ESTUDIANTE) VALUES ('230', 'ALTERNATIVA 4 PREG 1.2', 'F', '0', '11', '16');
--RESPUESTAS TEST 1 PREG 1.3
INSERT INTO "ALT" (ID_ALT, DESCRIPCION_ALTERNATIVA, CORRECTO_O_INCORRECTO, PONDERACION_ALTERNATIVA, PREG_ID_PREG, ESTUDIANTE_ID_ESTUDIANTE) VALUES ('231', 'ALTERNATIVA 4 PREG 1.3', 'F', '0', '12', '16');
--RESPUESTAS TEST 1 PREG 1.4 (SIN RESPUESTA)
--RESPUESTAS TEST 1 PREG 1.5
INSERT INTO "ALT" (ID_ALT, DESCRIPCION_ALTERNATIVA, CORRECTO_O_INCORRECTO, PONDERACION_ALTERNATIVA, PREG_ID_PREG, ESTUDIANTE_ID_ESTUDIANTE) VALUES ('232', 'ALTERNATIVA 1 PREG 1.5', 'T', '1', '14', '16');
--RESPUESTAS TEST 1 PREG 1.6
INSERT INTO "ALT" (ID_ALT, DESCRIPCION_ALTERNATIVA, CORRECTO_O_INCORRECTO, PONDERACION_ALTERNATIVA, PREG_ID_PREG, ESTUDIANTE_ID_ESTUDIANTE) VALUES ('233', 'ALTERNATIVA 2 PREG 1.6', 'T', '1', '15', '16');
--RESPUESTAS TEST 1 PREG 1.7
INSERT INTO "ALT" (ID_ALT, DESCRIPCION_ALTERNATIVA, CORRECTO_O_INCORRECTO, PONDERACION_ALTERNATIVA, PREG_ID_PREG, ESTUDIANTE_ID_ESTUDIANTE) VALUES ('234', 'ALTERNATIVA 3 PREG 1.7', 'T', '1', '16', '16');
--RESPUESTAS TEST 1 PREG 1.8
INSERT INTO "ALT" (ID_ALT, DESCRIPCION_ALTERNATIVA, CORRECTO_O_INCORRECTO, PONDERACION_ALTERNATIVA, PREG_ID_PREG, ESTUDIANTE_ID_ESTUDIANTE) VALUES ('235', 'ALTERNATIVA 3 PREG 1.8', 'T', '1', '17', '16');
--RESPUESTAS TEST 1 PREG 1.9
INSERT INTO "ALT" (ID_ALT, DESCRIPCION_ALTERNATIVA, CORRECTO_O_INCORRECTO, PONDERACION_ALTERNATIVA, PREG_ID_PREG, ESTUDIANTE_ID_ESTUDIANTE) VALUES ('236', 'ALTERNATIVA 4 PREG 1.9', 'T', '1', '18', '16');
--RESPUESTAS TEST 1 PREG 1.10
INSERT INTO "ALT" (ID_ALT, DESCRIPCION_ALTERNATIVA, CORRECTO_O_INCORRECTO, PONDERACION_ALTERNATIVA, PREG_ID_PREG, ESTUDIANTE_ID_ESTUDIANTE) VALUES ('237', 'ALTERNATIVA 3 PREG 1.10', 'T', '0,5', '19', '16');
INSERT INTO "ALT" (ID_ALT, DESCRIPCION_ALTERNATIVA, CORRECTO_O_INCORRECTO, PONDERACION_ALTERNATIVA, PREG_ID_PREG, ESTUDIANTE_ID_ESTUDIANTE) VALUES ('238', 'ALTERNATIVA 4 PREG 1.10', 'F', '0', '19', '16');

-----------------------------------------
--ALUMNO 7 CURSO 2 TEST 1
--RESPUESTAS TEST 1 PREG 1.1
INSERT INTO "ALT" (ID_ALT, DESCRIPCION_ALTERNATIVA, CORRECTO_O_INCORRECTO, PONDERACION_ALTERNATIVA, PREG_ID_PREG, ESTUDIANTE_ID_ESTUDIANTE) VALUES ('239', 'ALTERNATIVA 3 PREG 1.1', 'T', '1', '10', '17');
--RESPUESTAS TEST 1 PREG 1.2
INSERT INTO "ALT" (ID_ALT, DESCRIPCION_ALTERNATIVA, CORRECTO_O_INCORRECTO, PONDERACION_ALTERNATIVA, PREG_ID_PREG, ESTUDIANTE_ID_ESTUDIANTE) VALUES ('240', 'ALTERNATIVA 3 PREG 1.2', 'T', '0,5', '11', '17');
INSERT INTO "ALT" (ID_ALT, DESCRIPCION_ALTERNATIVA, CORRECTO_O_INCORRECTO, PONDERACION_ALTERNATIVA, PREG_ID_PREG, ESTUDIANTE_ID_ESTUDIANTE) VALUES ('241', 'ALTERNATIVA 4 PREG 1.2', 'F', '0', '11', '17');
--RESPUESTAS TEST 1 PREG 1.3
INSERT INTO "ALT" (ID_ALT, DESCRIPCION_ALTERNATIVA, CORRECTO_O_INCORRECTO, PONDERACION_ALTERNATIVA, PREG_ID_PREG, ESTUDIANTE_ID_ESTUDIANTE) VALUES ('242', 'ALTERNATIVA 1 PREG 1.3', 'T', '1', '12', '17');
--RESPUESTAS TEST 1 PREG 1.4
INSERT INTO "ALT" (ID_ALT, DESCRIPCION_ALTERNATIVA, CORRECTO_O_INCORRECTO, PONDERACION_ALTERNATIVA, PREG_ID_PREG, ESTUDIANTE_ID_ESTUDIANTE) VALUES ('243', 'ALTERNATIVA 4 PREG 1.4', 'F', '0', '13', '17');
--RESPUESTAS TEST 1 PREG 1.5
INSERT INTO "ALT" (ID_ALT, DESCRIPCION_ALTERNATIVA, CORRECTO_O_INCORRECTO, PONDERACION_ALTERNATIVA, PREG_ID_PREG, ESTUDIANTE_ID_ESTUDIANTE) VALUES ('244', 'ALTERNATIVA 1 PREG 1.5', 'T', '1', '14', '17');
--RESPUESTAS TEST 1 PREG 1.6
INSERT INTO "ALT" (ID_ALT, DESCRIPCION_ALTERNATIVA, CORRECTO_O_INCORRECTO, PONDERACION_ALTERNATIVA, PREG_ID_PREG, ESTUDIANTE_ID_ESTUDIANTE) VALUES ('245', 'ALTERNATIVA 2 PREG 1.6', 'T', '1', '15', '17');
--RESPUESTAS TEST 1 PREG 1.7
INSERT INTO "ALT" (ID_ALT, DESCRIPCION_ALTERNATIVA, CORRECTO_O_INCORRECTO, PONDERACION_ALTERNATIVA, PREG_ID_PREG, ESTUDIANTE_ID_ESTUDIANTE) VALUES ('246', 'ALTERNATIVA 3 PREG 1.7', 'T', '1', '16', '17');
--RESPUESTAS TEST 1 PREG 1.8
INSERT INTO "ALT" (ID_ALT, DESCRIPCION_ALTERNATIVA, CORRECTO_O_INCORRECTO, PONDERACION_ALTERNATIVA, PREG_ID_PREG, ESTUDIANTE_ID_ESTUDIANTE) VALUES ('247', 'ALTERNATIVA 3 PREG 1.8', 'T', '1', '17', '17');
--RESPUESTAS TEST 1 PREG 1.9
INSERT INTO "ALT" (ID_ALT, DESCRIPCION_ALTERNATIVA, CORRECTO_O_INCORRECTO, PONDERACION_ALTERNATIVA, PREG_ID_PREG, ESTUDIANTE_ID_ESTUDIANTE) VALUES ('248', 'ALTERNATIVA 4 PREG 1.9', 'T', '1', '18', '17');
--RESPUESTAS TEST 1 PREG 1.10
INSERT INTO "ALT" (ID_ALT, DESCRIPCION_ALTERNATIVA, CORRECTO_O_INCORRECTO, PONDERACION_ALTERNATIVA, PREG_ID_PREG, ESTUDIANTE_ID_ESTUDIANTE) VALUES ('249', 'ALTERNATIVA 3 PREG 1.10', 'T', '0,5', '19', '17');
INSERT INTO "ALT" (ID_ALT, DESCRIPCION_ALTERNATIVA, CORRECTO_O_INCORRECTO, PONDERACION_ALTERNATIVA, PREG_ID_PREG, ESTUDIANTE_ID_ESTUDIANTE) VALUES ('250', 'ALTERNATIVA 4 PREG 1.10', 'F', '0', '19', '17');

-----------------------------------------
--ALUMNO 8 CURSO 2 TEST 1
--RESPUESTAS TEST 1 PREG 1.1
INSERT INTO "ALT" (ID_ALT, DESCRIPCION_ALTERNATIVA, CORRECTO_O_INCORRECTO, PONDERACION_ALTERNATIVA, PREG_ID_PREG, ESTUDIANTE_ID_ESTUDIANTE) VALUES ('251', 'ALTERNATIVA 4 PREG 1.1', 'F', '0', '10', '18');
--RESPUESTAS TEST 1 PREG 1.2
INSERT INTO "ALT" (ID_ALT, DESCRIPCION_ALTERNATIVA, CORRECTO_O_INCORRECTO, PONDERACION_ALTERNATIVA, PREG_ID_PREG, ESTUDIANTE_ID_ESTUDIANTE) VALUES ('252', 'ALTERNATIVA 4 PREG 1.2', 'F', '0', '11', '18');
--RESPUESTAS TEST 1 PREG 1.3
INSERT INTO "ALT" (ID_ALT, DESCRIPCION_ALTERNATIVA, CORRECTO_O_INCORRECTO, PONDERACION_ALTERNATIVA, PREG_ID_PREG, ESTUDIANTE_ID_ESTUDIANTE) VALUES ('253', 'ALTERNATIVA 1 PREG 1.3', 'T', '1', '12', '18');
--RESPUESTAS TEST 1 PREG 1.4
INSERT INTO "ALT" (ID_ALT, DESCRIPCION_ALTERNATIVA, CORRECTO_O_INCORRECTO, PONDERACION_ALTERNATIVA, PREG_ID_PREG, ESTUDIANTE_ID_ESTUDIANTE) VALUES ('254', 'ALTERNATIVA 3 PREG 1.4', 'T', '0,7', '13', '18');
INSERT INTO "ALT" (ID_ALT, DESCRIPCION_ALTERNATIVA, CORRECTO_O_INCORRECTO, PONDERACION_ALTERNATIVA, PREG_ID_PREG, ESTUDIANTE_ID_ESTUDIANTE) VALUES ('255', 'ALTERNATIVA 4 PREG 1.4', 'F', '0', '13', '18');
--RESPUESTAS TEST 1 PREG 1.5
INSERT INTO "ALT" (ID_ALT, DESCRIPCION_ALTERNATIVA, CORRECTO_O_INCORRECTO, PONDERACION_ALTERNATIVA, PREG_ID_PREG, ESTUDIANTE_ID_ESTUDIANTE) VALUES ('256', 'ALTERNATIVA 4 PREG 1.5', 'F', '0', '14', '18');
--RESPUESTAS TEST 1 PREG 1.6
INSERT INTO "ALT" (ID_ALT, DESCRIPCION_ALTERNATIVA, CORRECTO_O_INCORRECTO, PONDERACION_ALTERNATIVA, PREG_ID_PREG, ESTUDIANTE_ID_ESTUDIANTE) VALUES ('257', 'ALTERNATIVA 2 PREG 1.6', 'T', '1', '15', '18');
--RESPUESTAS TEST 1 PREG 1.7
INSERT INTO "ALT" (ID_ALT, DESCRIPCION_ALTERNATIVA, CORRECTO_O_INCORRECTO, PONDERACION_ALTERNATIVA, PREG_ID_PREG, ESTUDIANTE_ID_ESTUDIANTE) VALUES ('258', 'ALTERNATIVA 4 PREG 1.7', 'F', '0', '16', '18');
--RESPUESTAS TEST 1 PREG 1.8
INSERT INTO "ALT" (ID_ALT, DESCRIPCION_ALTERNATIVA, CORRECTO_O_INCORRECTO, PONDERACION_ALTERNATIVA, PREG_ID_PREG, ESTUDIANTE_ID_ESTUDIANTE) VALUES ('259', 'ALTERNATIVA 3 PREG 1.8', 'T', '1', '17', '18');
--RESPUESTAS TEST 1 PREG 1.9
INSERT INTO "ALT" (ID_ALT, DESCRIPCION_ALTERNATIVA, CORRECTO_O_INCORRECTO, PONDERACION_ALTERNATIVA, PREG_ID_PREG, ESTUDIANTE_ID_ESTUDIANTE) VALUES ('260', 'ALTERNATIVA 4 PREG 1.9', 'T', '1', '18', '18');
--RESPUESTAS TEST 1 PREG 1.10
INSERT INTO "ALT" (ID_ALT, DESCRIPCION_ALTERNATIVA, CORRECTO_O_INCORRECTO, PONDERACION_ALTERNATIVA, PREG_ID_PREG, ESTUDIANTE_ID_ESTUDIANTE) VALUES ('261', 'ALTERNATIVA 3 PREG 1.10', 'T', '0,5', '19', '18');
INSERT INTO "ALT" (ID_ALT, DESCRIPCION_ALTERNATIVA, CORRECTO_O_INCORRECTO, PONDERACION_ALTERNATIVA, PREG_ID_PREG, ESTUDIANTE_ID_ESTUDIANTE) VALUES ('262', 'ALTERNATIVA 4 PREG 1.10', 'F', '0', '19', '18');

-----------------------------------------
--ALUMNO 9 CURSO 2 TEST 1
--RESPUESTAS TEST 1 PREG 1.1
INSERT INTO "ALT" (ID_ALT, DESCRIPCION_ALTERNATIVA, CORRECTO_O_INCORRECTO, PONDERACION_ALTERNATIVA, PREG_ID_PREG, ESTUDIANTE_ID_ESTUDIANTE) VALUES ('263', 'ALTERNATIVA 4 PREG 1.1', 'F', '0', '10', '19');
--RESPUESTAS TEST 1 PREG 1.2
INSERT INTO "ALT" (ID_ALT, DESCRIPCION_ALTERNATIVA, CORRECTO_O_INCORRECTO, PONDERACION_ALTERNATIVA, PREG_ID_PREG, ESTUDIANTE_ID_ESTUDIANTE) VALUES ('264', 'ALTERNATIVA 4 PREG 1.2', 'F', '0', '11', '19');
--RESPUESTAS TEST 1 PREG 1.3
INSERT INTO "ALT" (ID_ALT, DESCRIPCION_ALTERNATIVA, CORRECTO_O_INCORRECTO, PONDERACION_ALTERNATIVA, PREG_ID_PREG, ESTUDIANTE_ID_ESTUDIANTE) VALUES ('265', 'ALTERNATIVA 1 PREG 1.3', 'T', '1', '12', '19');
--RESPUESTAS TEST 1 PREG 1.4
INSERT INTO "ALT" (ID_ALT, DESCRIPCION_ALTERNATIVA, CORRECTO_O_INCORRECTO, PONDERACION_ALTERNATIVA, PREG_ID_PREG, ESTUDIANTE_ID_ESTUDIANTE) VALUES ('266', 'ALTERNATIVA 1 PREG 1.4', 'F', '0', '13', '19');
INSERT INTO "ALT" (ID_ALT, DESCRIPCION_ALTERNATIVA, CORRECTO_O_INCORRECTO, PONDERACION_ALTERNATIVA, PREG_ID_PREG, ESTUDIANTE_ID_ESTUDIANTE) VALUES ('267', 'ALTERNATIVA 2 PREG 1.4', 'T', '0,3', '13', '19');
--RESPUESTAS TEST 1 PREG 1.5
INSERT INTO "ALT" (ID_ALT, DESCRIPCION_ALTERNATIVA, CORRECTO_O_INCORRECTO, PONDERACION_ALTERNATIVA, PREG_ID_PREG, ESTUDIANTE_ID_ESTUDIANTE) VALUES ('268', 'ALTERNATIVA 1 PREG 1.5', 'T', '1', '14', '19');
--RESPUESTAS TEST 1 PREG 1.6
INSERT INTO "ALT" (ID_ALT, DESCRIPCION_ALTERNATIVA, CORRECTO_O_INCORRECTO, PONDERACION_ALTERNATIVA, PREG_ID_PREG, ESTUDIANTE_ID_ESTUDIANTE) VALUES ('269', 'ALTERNATIVA 2 PREG 1.6', 'T', '1', '15', '19');
--RESPUESTAS TEST 1 PREG 1.7
INSERT INTO "ALT" (ID_ALT, DESCRIPCION_ALTERNATIVA, CORRECTO_O_INCORRECTO, PONDERACION_ALTERNATIVA, PREG_ID_PREG, ESTUDIANTE_ID_ESTUDIANTE) VALUES ('270', 'ALTERNATIVA 3 PREG 1.7', 'T', '1', '16', '19');
--RESPUESTAS TEST 1 PREG 1.8
INSERT INTO "ALT" (ID_ALT, DESCRIPCION_ALTERNATIVA, CORRECTO_O_INCORRECTO, PONDERACION_ALTERNATIVA, PREG_ID_PREG, ESTUDIANTE_ID_ESTUDIANTE) VALUES ('271', 'ALTERNATIVA 3 PREG 1.8', 'T', '1', '17', '19');
--RESPUESTAS TEST 1 PREG 1.9
INSERT INTO "ALT" (ID_ALT, DESCRIPCION_ALTERNATIVA, CORRECTO_O_INCORRECTO, PONDERACION_ALTERNATIVA, PREG_ID_PREG, ESTUDIANTE_ID_ESTUDIANTE) VALUES ('272', 'ALTERNATIVA 4 PREG 1.9', 'T', '1', '18', '19');
--RESPUESTAS TEST 1 PREG 1.10
INSERT INTO "ALT" (ID_ALT, DESCRIPCION_ALTERNATIVA, CORRECTO_O_INCORRECTO, PONDERACION_ALTERNATIVA, PREG_ID_PREG, ESTUDIANTE_ID_ESTUDIANTE) VALUES ('273', 'ALTERNATIVA 3 PREG 1.10', 'T', '0,5', '19', '19');
INSERT INTO "ALT" (ID_ALT, DESCRIPCION_ALTERNATIVA, CORRECTO_O_INCORRECTO, PONDERACION_ALTERNATIVA, PREG_ID_PREG, ESTUDIANTE_ID_ESTUDIANTE) VALUES ('274', 'ALTERNATIVA 4 PREG 1.10', 'F', '0', '19', '19');

-----------------------------------------
--ALUMNO 10 CURSO 2 TEST 1
--RESPUESTAS TEST 1 PREG 1.1
INSERT INTO "ALT" (ID_ALT, DESCRIPCION_ALTERNATIVA, CORRECTO_O_INCORRECTO, PONDERACION_ALTERNATIVA, PREG_ID_PREG, ESTUDIANTE_ID_ESTUDIANTE) VALUES ('275', 'ALTERNATIVA 1 PREG 1.1', 'F', '0', '10', '20');
--RESPUESTAS TEST 1 PREG 1.2
INSERT INTO "ALT" (ID_ALT, DESCRIPCION_ALTERNATIVA, CORRECTO_O_INCORRECTO, PONDERACION_ALTERNATIVA, PREG_ID_PREG, ESTUDIANTE_ID_ESTUDIANTE) VALUES ('276', 'ALTERNATIVA 3 PREG 1.2', 'T', '0,5', '11', '20');
INSERT INTO "ALT" (ID_ALT, DESCRIPCION_ALTERNATIVA, CORRECTO_O_INCORRECTO, PONDERACION_ALTERNATIVA, PREG_ID_PREG, ESTUDIANTE_ID_ESTUDIANTE) VALUES ('277', 'ALTERNATIVA 4 PREG 1.2', 'F', '0', '11', '20');
--RESPUESTAS TEST 1 PREG 1.3
INSERT INTO "ALT" (ID_ALT, DESCRIPCION_ALTERNATIVA, CORRECTO_O_INCORRECTO, PONDERACION_ALTERNATIVA, PREG_ID_PREG, ESTUDIANTE_ID_ESTUDIANTE) VALUES ('278', 'ALTERNATIVA 1 PREG 1.3', 'T', '1', '12', '20');
--RESPUESTAS TEST 1 PREG 1.4
INSERT INTO "ALT" (ID_ALT, DESCRIPCION_ALTERNATIVA, CORRECTO_O_INCORRECTO, PONDERACION_ALTERNATIVA, PREG_ID_PREG, ESTUDIANTE_ID_ESTUDIANTE) VALUES ('279', 'ALTERNATIVA 3 PREG 1.4', 'T', '0,7', '13', '20');
INSERT INTO "ALT" (ID_ALT, DESCRIPCION_ALTERNATIVA, CORRECTO_O_INCORRECTO, PONDERACION_ALTERNATIVA, PREG_ID_PREG, ESTUDIANTE_ID_ESTUDIANTE) VALUES ('280', 'ALTERNATIVA 4 PREG 1.4', 'F', '0', '13', '20');
--RESPUESTAS TEST 1 PREG 1.5
INSERT INTO "ALT" (ID_ALT, DESCRIPCION_ALTERNATIVA, CORRECTO_O_INCORRECTO, PONDERACION_ALTERNATIVA, PREG_ID_PREG, ESTUDIANTE_ID_ESTUDIANTE) VALUES ('281', 'ALTERNATIVA 1 PREG 1.5', 'T', '1', '14', '20');
--RESPUESTAS TEST 1 PREG 1.6
INSERT INTO "ALT" (ID_ALT, DESCRIPCION_ALTERNATIVA, CORRECTO_O_INCORRECTO, PONDERACION_ALTERNATIVA, PREG_ID_PREG, ESTUDIANTE_ID_ESTUDIANTE) VALUES ('282', 'ALTERNATIVA 4 PREG 1.6', 'F', '0', '15', '20');
--RESPUESTAS TEST 1 PREG 1.7
INSERT INTO "ALT" (ID_ALT, DESCRIPCION_ALTERNATIVA, CORRECTO_O_INCORRECTO, PONDERACION_ALTERNATIVA, PREG_ID_PREG, ESTUDIANTE_ID_ESTUDIANTE) VALUES ('283', 'ALTERNATIVA 1 PREG 1.7', 'F', '0', '16', '20');
--RESPUESTAS TEST 1 PREG 1.8
INSERT INTO "ALT" (ID_ALT, DESCRIPCION_ALTERNATIVA, CORRECTO_O_INCORRECTO, PONDERACION_ALTERNATIVA, PREG_ID_PREG, ESTUDIANTE_ID_ESTUDIANTE) VALUES ('284', 'ALTERNATIVA 4 PREG 1.8', 'F', '0', '17', '20');
--RESPUESTAS TEST 1 PREG 1.9
INSERT INTO "ALT" (ID_ALT, DESCRIPCION_ALTERNATIVA, CORRECTO_O_INCORRECTO, PONDERACION_ALTERNATIVA, PREG_ID_PREG, ESTUDIANTE_ID_ESTUDIANTE) VALUES ('285', 'ALTERNATIVA 4 PREG 1.9', 'T', '1', '18', '20');
--RESPUESTAS TEST 1 PREG 1.10
INSERT INTO "ALT" (ID_ALT, DESCRIPCION_ALTERNATIVA, CORRECTO_O_INCORRECTO, PONDERACION_ALTERNATIVA, PREG_ID_PREG, ESTUDIANTE_ID_ESTUDIANTE) VALUES ('286', 'ALTERNATIVA 1 PREG 1.10', 'F', '0', '19', '20');
INSERT INTO "ALT" (ID_ALT, DESCRIPCION_ALTERNATIVA, CORRECTO_O_INCORRECTO, PONDERACION_ALTERNATIVA, PREG_ID_PREG, ESTUDIANTE_ID_ESTUDIANTE) VALUES ('287', 'ALTERNATIVA 2 PREG 1.10', 'T', '0,5', '19', '20');